slot,pub_date,weekday,silo,num,slug_en,title_en,tag,primary_keyword,secondary_keywords,search_intent,cluster,role,origin,season_note,book_primary,asin_primary,amazon_url_primary,book_secondary,asin_secondary,amazon_url_secondary,series_page,free_samples_url,author_profile_url,author_amazon_url,internal_links_en,pl_slug,pl_title,pl_primary_keyword,pl_book_primary,pl_asin_primary,pl_amazon_url,pl_series_page,pl_free_samples_url,pl_author_profile_url,pl_note,source_types,hero_filename,hero_prompt,hero_alt_draft,editorial_note,keyword_check,status_en,status_pl
1,2026-10-09,Fri,cooking,04,04-plan-12-dish-wigilia-feast,How to Plan a 12-Dish Wigilia Feast: A Week-by-Week Timeline,PLANNING,how to plan a 12 dish wigilia feast,wigilia menu planning; polish christmas eve prep schedule,Informational,W,support,wigilia_doc,Advent planning,Wigilia: A Polish Christmas Cookbook of Three Tables,B0HJY94JN6,https://www.amazon.com/dp/B0HJY94JN6,Wigilia: A Polish Christmas Cookbook of Three Tables (Kindle edition),B0HHP8JYR4,https://www.amazon.com/dp/B0HHP8JYR4,https://alexherek.com/cooking/wigilia,https://alexherek.com/free-samples,https://alexherek.com/about,https://www.amazon.com/stores/author/B0H99LJ1VS/allbooks,01-what-is-wigilia; 02-12-dishes-polish-christmas-eve; 03-traditional-polish-christmas-recipes,jak-zaplanowac-wieczerze-wigilijna-z-12-potraw,Jak zaplanować wieczerzę wigilijną z 12 potraw? Harmonogram tydzień po tygodniu,jak zaplanować wigilię 12 potraw,Wigilia: A Polish Christmas Cookbook of Three Tables (książka wyłącznie po angielsku),B0HJY94JN6,https://www.amazon.com/dp/B0HJY94JN6,https://alexherek.com/pl/cooking/wigilia,https://alexherek.com/pl/free-samples,https://alexherek.com/pl/about,Książka dostępna tylko po angielsku — CTA w PL musi to jasno zaznaczać (patrz /pl/cooking/wigilia),In Your Pocket; Polonist; Culture.pl (Wigilia customs),blog-plan-12-dish-wigilia-feast.jpg,"Photorealistic food and still-life photograph, 2:1 wide landscape (1600x800 px), warm natural light, appetizing and authentic, cranberry-red and cream tones. A warm rustic kitchen table seen from above with ingredients grouped into small piles by the day they are needed: dried mushrooms, beets, flour, poppy seed, dried fruit and honey, a blank notepad with a pencil and a wall calendar blurred in the background, cranberry red and linen palette. No text, no lettering, no logos, no watermarks, no readable book covers. Natural, anatomically correct hands, shallow depth of field, high detail. Keep the main subject inside a central 16:10 area so the image survives cropping.","Rustic kitchen table with grouped Wigilia ingredients, a blank notepad and a pencil","Zastępuje 'How to Prepare a Traditional Polish Christmas Eve Menu at Home' z dokumentu (ten sam intent — jeden artykuł zamiast dwóch). | 2026-10-09: draft EN+PL gotowy, data przesunięta z 2026-10-05 (slot minął); OPUBLIKOWANY 2026-10-09; hero ma wbudowane podpisy dni tygodnia (EN) — do rozważenia wymiana.",Wspólne 'wigilia' z #01 — intent: harmonogram/planowanie; OK.,published,published
2,2026-10-09,Fri,kids,11,11-seven-continents-for-kids,The 7 Continents for Kids: A Simple Guide for Ages 4–8,GEOGRAPHY,seven continents for kids,continents of the world for kids; teach kids the continents; continents and oceans for kids,Informational,A,hub,new,Back-to-learning; evergreen,"Children of the World and Their Cultures, Vol. 1: Europe",B0H9HFC3RB,https://www.amazon.com/dp/B0H9HFC3RB,"Children of the World and Their Cultures, Vol. 5: Oceania & Arctic",B0H9SMSC1P,https://www.amazon.com/dp/B0H9SMSC1P,https://alexherek.com/kids/children-of-the-world,https://alexherek.com/free-samples,https://alexherek.com/about,https://www.amazon.com/stores/author/B0H99LJ1VS/allbooks,02-geography-coloring-vs-textbooks; 03-fine-motor-skills-coloring-flags; 06-flags-early-map-reading,siedem-kontynentow-dla-dzieci,7 kontynentów dla dzieci: prosty przewodnik dla przedszkolaka i ucznia,kontynenty dla dzieci,"Dzieci Świata i Ich Kultury, Tom 1: Europa",B0H8L42LC5,https://www.amazon.com/dp/B0H8L42LC5,https://alexherek.com/pl/kids/dzieci-swiata-i-ich-kultury,https://alexherek.com/pl/free-samples,https://alexherek.com/pl/about,,NASA/NOAA or national geographic society (facts on continents and oceans); UNESCO,blog-seven-continents-for-kids.jpg,"Photorealistic editorial photograph, 2:1 wide landscape (1600x800 px), warm natural light, cheerful and inviting. Wide shot of a child's floor play area: a soft fabric globe and seven colored paper continent cut-outs laid on a woven rug, a child of about six kneeling and placing one cut-out, sunlight streaming in from a low window, bright yellow and blue palette. No text, no lettering, no logos, no watermarks, no readable book covers. Natural, anatomically correct hands, shallow depth of field, high detail. Keep the main subject inside a central 16:10 area so the image survives cropping.",Child kneeling on a rug placing colored paper continent shapes beside a soft globe,"HUB klastra Continents: linkuje do 5 tomów; serie obejmują Europę, Afrykę, Azję, Ameryki, Oceanię i Arktykę — NIE twierdzić, że pokrywają wszystkie 7 kontynentów (brak Antarktydy). | 2026-10-09: draft EN+PL gotowy, data przesunięta (slot minął); czeka na akceptację i zdjęcie.",'continents' także w #21 — #11 to hub definicyjny; OK.,published,published
3,2026-10-09,Fri,seniors,12,12-word-search-vs-sudoku,Word Search vs. Sudoku for Seniors: Which Puzzle Fits You Better?,PUZZLES,word search vs sudoku for seniors,sudoku or word search for older adults; easy puzzles for seniors,Commercial investigation,P,support,stub_rewrite,,"Sharp Mind, Vol. 3: Memory and Focus Exercises",B0H8HZY89T,https://www.amazon.com/dp/B0H8HZY89T,"Sharp Mind, Vol. 1: With a Touch of Nostalgia",B0H8LXZFFB,https://www.amazon.com/dp/B0H8LXZFFB,https://alexherek.com/seniors/sprawny-umysl,https://alexherek.com/free-samples,https://alexherek.com/about,https://www.amazon.com/stores/author/B0H99LJ1VS/allbooks,19-choosing-puzzle-book-aging-parents,wykreslanki-czy-sudoku-dla-seniorow,Wykreślanki czy sudoku dla seniora? Co wybrać,sudoku czy wykreślanki dla seniorów,Sprawny Umysł: Ćwiczenia Pamięci i Koncentracji dla Seniorów,B0H8DGVD9M,https://www.amazon.com/dp/B0H8DGVD9M,https://alexherek.com/pl/seniors/sprawny-umysl,https://alexherek.com/pl/free-samples,https://alexherek.com/pl/about,j.w.,National Institute on Aging (general mental-activity guidance); library/senior-center programs,blog-word-search-vs-sudoku-seniors.jpg,"Photorealistic editorial photograph, 2:1 wide landscape (1600x800 px), soft natural light, dignified, warm and never patronizing. Two puzzle pages side by side on a wooden lap tray table with reading glasses, a pencil and a cup of tea, an older man's hand hovering over one page, overhead angle, muted navy and cream palette. No text, no lettering, no logos, no watermarks, no readable book covers. Natural, anatomically correct hands, shallow depth of field, high detail. Keep the main subject inside a central 16:10 area so the image survives cropping.","Two puzzle pages on a tray table with reading glasses, a pencil and tea while an older man's hand hovers over one","Bez twierdzeń medycznych. Tabela porównawcza obowiązkowa. | 2026-10-09: draft EN+PL gotowy, data przesunięta (slot minął); czeka na akceptację i zdjęcie.",Wspólne 'word search' z #14 — inny intent (porównanie vs tematyczne); wzajemne linki.,published,published
4,2026-10-12,Mon,cooking,05,05-polish-christmas-eve-food-by-region,"Polish Christmas Eve Food by Region: Silesia, Podhale, Kashubia and More",REGIONS,polish christmas eve food by region,regional wigilia dishes; silesian wigilia food,Informational,W,support,wigilia_doc,Advent,Wigilia: A Polish Christmas Cookbook of Three Tables,B0HJY94JN6,https://www.amazon.com/dp/B0HJY94JN6,Wigilia: A Polish Christmas Cookbook of Three Tables (Kindle edition),B0HHP8JYR4,https://www.amazon.com/dp/B0HHP8JYR4,https://alexherek.com/cooking/wigilia,https://alexherek.com/free-samples,https://alexherek.com/about,https://www.amazon.com/stores/author/B0H99LJ1VS/allbooks,04-plan-12-dish-wigilia-feast; 01-what-is-wigilia; 02-12-dishes-polish-christmas-eve,potrawy-wigilijne-w-regionach-polski,"Potrawy wigilijne w regionach Polski: Śląsk, Podhale, Kaszuby i nie tylko",potrawy wigilijne regionalne,Wigilia: A Polish Christmas Cookbook of Three Tables (książka wyłącznie po angielsku),B0HJY94JN6,https://www.amazon.com/dp/B0HJY94JN6,https://alexherek.com/pl/cooking/wigilia,https://alexherek.com/pl/free-samples,https://alexherek.com/pl/about,Książka dostępna tylko po angielsku — CTA w PL musi to jasno zaznaczać (patrz /pl/cooking/wigilia),"Regional culture institutes; Culture.pl; tourism boards (Silesia, Kashubia, Podhale)",blog-polish-christmas-eve-food-by-region.jpg,"Photorealistic food and still-life photograph, 2:1 wide landscape (1600x800 px), warm natural light, appetizing and authentic, cranberry-red and cream tones. Overhead flat lay of six small ceramic plates arranged in a loose arc on a linen-covered table, each holding a different Christmas Eve dish: pierogi, herring, wheat-and-poppy-seed pudding, a small carp portion, poppy seed roll and a glass of dried-fruit compote, soft daylight, cranberry, cream and gold palette. No text, no lettering, no logos, no watermarks, no readable book covers. Natural, anatomically correct hands, shallow depth of field, high detail. Keep the main subject inside a central 16:10 area so the image survives cropping.",Six small plates of different Polish Christmas Eve dishes arranged in an arc on a linen tablecloth,"Książka: 6 regionów (Śląsk, Podhale/Małopolska, Kaszuby, Mazowsze, Podlasie, Wielkopolska). Fakty regionalne tylko ze źródeł; każdy region w książce = link CTA.",Blisko #06 — intent: regiony; OK.,planned,planned
5,2026-10-13,Tue,kids,05,05-daily-life-kids-around-the-world,"Daily Life of Kids Around the World: A Parent's Guide to School, Food and Play",CULTURE,kids around the world daily life,how children live in different countries; school day around the world for kids,Informational,B,support,stub_rewrite,,"Children of the World and Their Cultures, Vol. 3: Asia",B0H9PYDSK8,https://www.amazon.com/dp/B0H9PYDSK8,"Children of the World and Their Cultures, Vol. 2: Africa",B0H9QJ1844,https://www.amazon.com/dp/B0H9QJ1844,https://alexherek.com/kids/children-of-the-world,https://alexherek.com/free-samples,https://alexherek.com/about,https://www.amazon.com/stores/author/B0H99LJ1VS/allbooks,01-intro-world-cultures-toddlers; 04-teaching-empathy-meeting-children,zycie-codzienne-dzieci-na-swiecie,Jak wygląda codzienne życie dzieci na świecie? Przewodnik dla rodziców,życie dzieci na świecie,"Dzieci Świata i Ich Kultury, Tom 3: Azja",B0HCBC2HKZ,https://www.amazon.com/dp/B0HCBC2HKZ,https://alexherek.com/pl/kids/dzieci-swiata-i-ich-kultury,https://alexherek.com/pl/free-samples,https://alexherek.com/pl/about,,UNICEF; UNESCO; national education ministries; child-development organizations,blog-daily-life-kids-around-the-world.jpg,"Photorealistic editorial photograph, 2:1 wide landscape (1600x800 px), warm natural light, cheerful and inviting. Overhead flat lay on a large wooden table: a soft-colored paper world map surrounded by everyday objects from children's days in different places, such as a school backpack, a small lunch tin, a football, a wooden spinning top, a slate and colored pencils, next to a partly colored children's coloring page. Soft morning window light, warm ochre and sky-blue palette. No text, no lettering, no logos, no watermarks, no readable book covers. Natural, anatomically correct hands, shallow depth of field, high detail. Keep the main subject inside a central 16:10 area so the image survives cropping.","Flat lay of a world map with a school backpack, lunch tin, football and colored pencils beside a partly colored coloring page",Bez stereotypów: pokazywać różnorodność w obrębie kraju; fakty tylko ze źródeł instytucji.,j.w.,stub (draft:true),planned
6,2026-10-14,Wed,kids,28,28-non-scary-halloween-alternatives-kids,10 Non-Scary Halloween Alternatives for Kids Who Don't Like Spooky Stuff,SEASONAL,non-scary Halloween activities for kids,Halloween alternatives for kids; fall activities for kids who dislike Halloween; gentle fall activities for kids,Informational,S,hub,new,Halloween Sat 31 Oct 2026 — publish ≥ 2 weeks before,Autumn Traditions Around the World for Kids,B0HLQ5CMR3,https://www.amazon.com/dp/B0HLQ5CMR3,"Children of the World and Their Cultures, Vol. 1: Europe",B0H9HFC3RB,https://www.amazon.com/dp/B0H9HFC3RB,https://alexherek.com/kids/autumn-traditions-around-the-world,https://alexherek.com/free-samples#autumn,https://alexherek.com/about,https://www.amazon.com/stores/author/B0H99LJ1VS/allbooks,29-autumn-traditions-around-the-world-kids; 30-explain-dia-de-los-muertos-to-kids; 03-fine-motor-skills-coloring-flags,halloween-bez-strachu-alternatywy-dla-dzieci,"Halloween bez strachu: 10 łagodnych alternatyw dla dzieci, które nie lubią straszenia",halloween dla dzieci bez strachu,Autumn Traditions Around the World for Kids (wydanie angielskie),B0HLQ5CMR3,https://www.amazon.com/dp/B0HLQ5CMR3,https://alexherek.com/kids/autumn-traditions-around-the-world,https://alexherek.com/free-samples#autumn,https://alexherek.com/pl/about,"Książka jest tylko po angielsku — w wersji PL zaznaczyć to wprost; dostosować kontekst do Polski (Wszystkich Świętych / Zaduszki, dożynki) bez mechanicznego tłumaczenia.","child-development / pediatric organizations (general, no medical claims); national tourism boards or encyclopedias for traditions",blog-non-scary-halloween-alternatives-kids.jpg,"Photorealistic editorial photograph, 2:1 wide landscape (1600x800 px), warm natural light, cheerful and inviting. A family kitchen table in soft autumn light: a child and a parent coloring a fall leaf page with colored pencils beside a small pumpkin, a paper lantern and a cup of warm cider, friendly and calm mood, no spooky elements. No text, no lettering, no numbers, no labels, no logos, no watermarks, no readable book covers. Natural, anatomically correct hands, shallow depth of field, high detail. Keep the main subject inside a central 16:10 area so the image survives cropping.",Child and parent coloring a fall leaf page beside a small pumpkin and paper lantern on a kitchen table,"Brief Haloowen: NIE deprecjonować Halloween ani rodzin, które je obchodzą; „another way to celebrate autumn”. Książka Autumn Traditions jako jedna z 10 alternatyw, nie jedyna. | Darmowa próbka tej książki istnieje (6 stron PDF): https://alexherek.com/free-samples#autumn, plik /samples/autumn-traditions-free-sample.pdf (od 2026-10-09). Nie wymyślać szczegółów książki spoza briefu (27 krajów, 3 karty na kraj, wiek 6–9, 8.5×11). | 2026-10-09: draft EN+PL gotowy; po akceptacji dodać linki do #29/#30 gdy opublikowane.",Seria jesienna (klaster S); zob. nakładanie z #25 przy #32.,draft (draft:true),draft (draft:true)
7,2026-10-15,Thu,seniors,16,16-large-print-puzzles-eye-strain,Large Print Puzzles for Seniors: How to Choose Ones That Are Easy on the Eyes,PUZZLES,large print puzzles for seniors,large print puzzle books for elderly; puzzles for seniors with poor eyesight,Commercial investigation,P,support,stub_rewrite,,"Sharp Mind, Vol. 3: Memory and Focus Exercises",B0H8HZY89T,https://www.amazon.com/dp/B0H8HZY89T,"Sharp Mind, Vol. 1: With a Touch of Nostalgia",B0H8LXZFFB,https://www.amazon.com/dp/B0H8LXZFFB,https://alexherek.com/seniors/sprawny-umysl,https://alexherek.com/free-samples,https://alexherek.com/about,https://www.amazon.com/stores/author/B0H99LJ1VS/allbooks,12-word-search-vs-sudoku; 19-choosing-puzzle-book-aging-parents,lamiglowki-duzym-drukiem-dla-seniorow,Łamigłówki dużym drukiem dla seniorów: jak wybrać wygodne dla oczu,łamigłówki dla seniorów duży druk,Sprawny Umysł: Ćwiczenia Pamięci i Koncentracji dla Seniorów,B0H8DGVD9M,https://www.amazon.com/dp/B0H8DGVD9M,https://alexherek.com/pl/seniors/sprawny-umysl,https://alexherek.com/pl/free-samples,https://alexherek.com/pl/about,j.w.,"American Academy of Ophthalmology or national eye institute (readability, lighting); AARP-type accessibility guidance",blog-large-print-puzzles-for-seniors.jpg,"Photorealistic editorial photograph, 2:1 wide landscape (1600x800 px), soft natural light, dignified, warm and never patronizing. Over-the-shoulder view of an older woman under a warm reading lamp holding a large-type puzzle page (no readable text), a sage-green cushion behind her, soft lamp glow and a blurred bookshelf. No text, no lettering, no logos, no watermarks, no readable book covers. Natural, anatomically correct hands, shallow depth of field, high detail. Keep the main subject inside a central 16:10 area so the image survives cropping.",Older woman under a reading lamp holding a large-print puzzle page,Bez twierdzeń o wzroku/leczeniu; tylko czytelność i oświetlenie.,Ogólny 'puzzles' — intent: wybór druku/czytelność; OK.,stub (draft:true),planned
8,2026-10-16,Fri,kids,29,29-autumn-traditions-around-the-world-kids,Autumn Traditions Around the World: A Kids' Guide to 10 Fall Festivals,CULTURE,autumn traditions around the world,fall traditions in different countries for kids; harvest festivals around the world for kids; fall festivals for kids,Informational,S,hub,new,Autumn; before Halloween / Día de los Muertos,Autumn Traditions Around the World for Kids,B0HLQ5CMR3,https://www.amazon.com/dp/B0HLQ5CMR3,"Children of the World and Their Cultures, Vol. 1: Europe",B0H9HFC3RB,https://www.amazon.com/dp/B0H9HFC3RB,https://alexherek.com/kids/autumn-traditions-around-the-world,https://alexherek.com/free-samples#autumn,https://alexherek.com/about,https://www.amazon.com/stores/author/B0H99LJ1VS/allbooks,28-non-scary-halloween-alternatives-kids; 30-explain-dia-de-los-muertos-to-kids; 31-harvest-festivals-unit-study-homeschool; 04-teaching-empathy-meeting-children,jesienne-tradycje-na-swiecie-dla-dzieci,Jesienne tradycje na świecie: przewodnik dla dzieci po 10 świętach,jesienne tradycje na świecie dla dzieci,Autumn Traditions Around the World for Kids (wydanie angielskie),B0HLQ5CMR3,https://www.amazon.com/dp/B0HLQ5CMR3,https://alexherek.com/kids/autumn-traditions-around-the-world,https://alexherek.com/free-samples#autumn,https://alexherek.com/pl/about,"Książka jest tylko po angielsku — w wersji PL zaznaczyć to wprost; dostosować kontekst do Polski (Wszystkich Świętych / Zaduszki, dożynki) bez mechanicznego tłumaczenia.",national tourism boards; UNESCO intangible heritage lists; reputable encyclopedias (dates and names verified at writing time),blog-autumn-traditions-around-the-world-kids.jpg,"Photorealistic editorial photograph, 2:1 wide landscape (1600x800 px), warm natural light, cheerful and inviting. A wide table scene of autumn from many cultures: a paper lantern, a small kite, a basket of harvest fruit, marigold flowers and fall leaves arranged around a soft-colored paper world map, with a child's hand holding a colored pencil. No text, no lettering, no numbers, no labels, no logos, no watermarks, no readable book covers. Natural, anatomically correct hands, shallow depth of field, high detail. Keep the main subject inside a central 16:10 area so the image survives cropping.","Paper lantern, small kite, harvest basket and marigolds arranged on a paper world map with a child holding a colored pencil","HUB jesienny; 10 festiwali zweryfikować w źródłach (daty, nazwy); inkluzywny język; „Traditions vary by region.” | Darmowa próbka tej książki istnieje (6 stron PDF): https://alexherek.com/free-samples#autumn, plik /samples/autumn-traditions-free-sample.pdf (od 2026-10-09). Nie wymyślać szczegółów książki spoza briefu (27 krajów, 3 karty na kraj, wiek 6–9, 8.5×11).",Seria jesienna (klaster S); zob. nakładanie z #25 przy #32.,planned,planned
9,2026-10-19,Mon,cooking,07,07-polish-christmas-eve-fish-dishes,"Polish Christmas Eve Fish Dishes: Carp, Herring and Easy Alternatives",DISHES,polish christmas eve fish dishes,carp for wigilia; herring wigilia recipes; fish alternatives to carp,Informational,W,support,new_v2 (dodany 29.09),Advent,Wigilia: A Polish Christmas Cookbook of Three Tables,B0HJY94JN6,https://www.amazon.com/dp/B0HJY94JN6,Wigilia: A Polish Christmas Cookbook of Three Tables (Kindle edition),B0HHP8JYR4,https://www.amazon.com/dp/B0HHP8JYR4,https://alexherek.com/cooking/wigilia,https://alexherek.com/free-samples,https://alexherek.com/about,https://www.amazon.com/stores/author/B0H99LJ1VS/allbooks,02-12-dishes-polish-christmas-eve; 05-polish-christmas-eve-food-by-region; 04-plan-12-dish-wigilia-feast; 01-what-is-wigilia,ryby-na-wigilie-karp-sledz-i-zamienniki,"Ryby na Wigilię: karp, śledź i łatwe zamienniki",ryby na wigilię,Wigilia: A Polish Christmas Cookbook of Three Tables (książka wyłącznie po angielsku),B0HJY94JN6,https://www.amazon.com/dp/B0HJY94JN6,https://alexherek.com/pl/cooking/wigilia,https://alexherek.com/pl/free-samples,https://alexherek.com/pl/about,Książka dostępna tylko po angielsku — CTA w PL musi to jasno zaznaczać (patrz /pl/cooking/wigilia),In Your Pocket; Polonist; food-culture references,blog-polish-christmas-eve-fish-dishes.jpg,"Photorealistic food and still-life photograph, 2:1 wide landscape (1600x800 px), warm natural light, appetizing and authentic, cranberry-red and cream tones. Side-lit still life on dark rustic wood: pan-fried fish fillets with lemon slices and parsley on a ceramic plate, beside a small bowl of herring with onion rings in oil, a linen napkin and a sprig of spruce, cranberry and deep green palette. No text, no lettering, no logos, no watermarks, no readable book covers. Natural, anatomically correct hands, shallow depth of field, high detail. Keep the main subject inside a central 16:10 area so the image survives cropping.",Pan-fried fish fillets with lemon beside a bowl of herring with onions on dark rustic wood,Alternatywy dla karpia dla czytelników poza Polską.,Tokeny 'polish christmas eve … dishes' wspólne z Cooking #02 — intent: ryby vs pełne menu; linkuj do #02.,planned,planned
10,2026-10-20,Tue,kids,08,08-world-landmarks-architecture-kids,Famous Landmarks for Kids: 8 Easy Activities to Explore the World's Monuments,LANDMARKS,famous landmarks activities for kids,landmarks of the world for kids; monuments for kids activities,Informational,A,support,stub_rewrite,,"Children of the World and Their Cultures, Vol. 1: Europe",B0H9HFC3RB,https://www.amazon.com/dp/B0H9HFC3RB,"Children of the World and Their Cultures, Vol. 4: The Americas",B0HBB9JN71,https://www.amazon.com/dp/B0HBB9JN71,https://alexherek.com/kids/children-of-the-world,https://alexherek.com/free-samples,https://alexherek.com/about,https://www.amazon.com/stores/author/B0H99LJ1VS/allbooks,11-seven-continents-for-kids; 02-geography-coloring-vs-textbooks; 03-fine-motor-skills-coloring-flags,slynne-budowle-swiata-dla-dzieci,Słynne budowle świata dla dzieci: 8 prostych zajęć,zabytki świata dla dzieci,"Dzieci Świata i Ich Kultury, Tom 1: Europa",B0H8L42LC5,https://www.amazon.com/dp/B0H8L42LC5,https://alexherek.com/pl/kids/dzieci-swiata-i-ich-kultury,https://alexherek.com/pl/free-samples,https://alexherek.com/pl/about,,UNESCO World Heritage Centre; national tourism boards,blog-famous-landmarks-activities-kids.jpg,"Photorealistic editorial photograph, 2:1 wide landscape (1600x800 px), warm natural light, cheerful and inviting. Close-up of a child's hands building a small landmark model from cardboard and modeling clay on a craft table, beside a partly colored page of a stone monument, side window light, teal and terracotta palette. No text, no lettering, no logos, no watermarks, no readable book covers. Natural, anatomically correct hands, shallow depth of field, high detail. Keep the main subject inside a central 16:10 area so the image survives cropping.",Child's hands building a small cardboard and clay landmark model next to a coloring page of a monument,,OK — brak nakładania,stub (draft:true),planned
11,2026-10-21,Wed,kids,30,30-explain-dia-de-los-muertos-to-kids,How to Explain Día de los Muertos to Kids (Gently and Respectfully),CULTURE,Day of the Dead for kids,Dia de los Muertos for kids; how to explain Day of the Dead to children; remembrance traditions around the world for kids,Informational,S,support,new,Día de los Muertos 1–2 Nov 2026 — publish ~10 days before,Autumn Traditions Around the World for Kids,B0HLQ5CMR3,https://www.amazon.com/dp/B0HLQ5CMR3,"Children of the World and Their Cultures, Vol. 4: The Americas",B0HBB9JN71,https://www.amazon.com/dp/B0HBB9JN71,https://alexherek.com/kids/autumn-traditions-around-the-world,https://alexherek.com/free-samples#autumn,https://alexherek.com/about,https://www.amazon.com/stores/author/B0H99LJ1VS/allbooks,29-autumn-traditions-around-the-world-kids; 28-non-scary-halloween-alternatives-kids; 04-teaching-empathy-meeting-children,dzien-zmarlych-w-meksyku-dla-dzieci,Jak wyjaśnić dzieciom Día de los Muertos: łagodnie i z szacunkiem,Día de los Muertos dla dzieci,Autumn Traditions Around the World for Kids (wydanie angielskie),B0HLQ5CMR3,https://www.amazon.com/dp/B0HLQ5CMR3,https://alexherek.com/kids/autumn-traditions-around-the-world,https://alexherek.com/free-samples#autumn,https://alexherek.com/pl/about,"Książka jest tylko po angielsku — w wersji PL zaznaczyć to wprost; dostosować kontekst do Polski (Wszystkich Świętych / Zaduszki, dożynki) bez mechanicznego tłumaczenia.",UNESCO (Indigenous festivity dedicated to the dead in Mexico); Mexican cultural institutions; reputable encyclopedias,blog-explain-dia-de-los-muertos-to-kids.jpg,"Photorealistic editorial photograph, 2:1 wide landscape (1600x800 px), warm natural light, cheerful and inviting. A warm family remembrance table: orange marigold flowers, small candles in glass holders, framed family photos turned slightly away from the camera, paper cut banners without writing, and a child's hands placing a flower. Gentle, loving, never spooky. No text, no lettering, no numbers, no labels, no logos, no watermarks, no readable book covers. Natural, anatomically correct hands, shallow depth of field, high detail. Keep the main subject inside a central 16:10 area so the image survives cropping.",Child placing a marigold flower on a family remembrance table with candles and framed photos,"Brief: święta pamięci opisywać ciepło (pamięć, miłość, rodzina), bez makabry i szczegółów o śmierci; bez deprecjonowania; fakty zweryfikować (UNESCO). | Darmowa próbka tej książki istnieje (6 stron PDF): https://alexherek.com/free-samples#autumn, plik /samples/autumn-traditions-free-sample.pdf (od 2026-10-09). Nie wymyślać szczegółów książki spoza briefu (27 krajów, 3 karty na kraj, wiek 6–9, 8.5×11).",Seria jesienna (klaster S); zob. nakładanie z #25 przy #32.,planned,planned
12,2026-10-22,Thu,seniors,13,13-gentle-brain-gym-activities,Gentle Brain Gym Activities for Seniors: 10 Easy Exercises to Do at Home,BRAIN TRAINING,gentle brain gym activities,simple mental exercises for seniors; easy brain activities at home,Informational,P,support,stub_rewrite,,"Sharp Mind, Vol. 2: Brain Gym Against Dementia",B0H8M6NN89,https://www.amazon.com/dp/B0H8M6NN89,"Left Hand Brain Training for Seniors, Book 1: First Strokes",B0H9HX8Y2S,https://www.amazon.com/dp/B0H9HX8Y2S,https://alexherek.com/seniors/sprawny-umysl,https://alexherek.com/free-samples,https://alexherek.com/about,https://www.amazon.com/stores/author/B0H99LJ1VS/allbooks,16-large-print-puzzles-eye-strain; 12-word-search-vs-sudoku; 19-choosing-puzzle-book-aging-parents,delikatna-gimnastyka-umyslu-dla-seniorow,Delikatna gimnastyka umysłu dla seniorów: 10 prostych ćwiczeń w domu,gimnastyka umysłu dla seniorów,Sprawny Umysł: Ćwiczenia Pamięci i Koncentracji dla Seniorów,B0H8DGVD9M,https://www.amazon.com/dp/B0H8DGVD9M,https://alexherek.com/pl/seniors/sprawny-umysl,https://alexherek.com/pl/free-samples,https://alexherek.com/pl/about,j.w.,"National Institute on Aging; Alzheimer's Association (general engagement guidance, no treatment claims)",blog-gentle-brain-gym-activities.jpg,"Photorealistic editorial photograph, 2:1 wide landscape (1600x800 px), soft natural light, dignified, warm and never patronizing. An older man and woman seated at a sunny kitchen table doing a simple finger-and-hand coordination exercise together, wide mid-shot, morning light through a window, calm bright palette of cream and pale blue. No text, no lettering, no logos, no watermarks, no readable book covers. Natural, anatomically correct hands, shallow depth of field, high detail. Keep the main subject inside a central 16:10 area so the image survives cropping.",Older man and woman doing a simple hand coordination exercise at a sunny kitchen table,"Tytuł książki S2 zawiera słowo 'Dementia' — w artykule ton rekreacyjny, bez obietnic.",Blisko #23/#26 — intent: lista ćwiczeń; OK.,stub (draft:true),planned
13,2026-10-23,Fri,kids,31,31-harvest-festivals-unit-study-homeschool,Harvest Festivals Around the World: A Fall Unit Study for Homeschoolers,HOMESCHOOL,homeschool fall unit study,harvest festivals around the world for kids; fall homeschool geography; autumn unit study ages 6-9,Informational,S,support,new,Autumn homeschool planning,Autumn Traditions Around the World for Kids,B0HLQ5CMR3,https://www.amazon.com/dp/B0HLQ5CMR3,"Children of the World and Their Cultures, Vol. 1: Europe",B0H9HFC3RB,https://www.amazon.com/dp/B0H9HFC3RB,https://alexherek.com/kids/autumn-traditions-around-the-world,https://alexherek.com/free-samples#autumn,https://alexherek.com/about,https://www.amazon.com/stores/author/B0H99LJ1VS/allbooks,29-autumn-traditions-around-the-world-kids; 09-virtual-field-trip-coloring; 06-flags-early-map-reading,swieta-plonow-na-swiecie-dla-dzieci,Święta plonów na świecie: jesienny temat tygodnia dla dzieci uczących się w domu,święta plonów dla dzieci,Autumn Traditions Around the World for Kids (wydanie angielskie),B0HLQ5CMR3,https://www.amazon.com/dp/B0HLQ5CMR3,https://alexherek.com/kids/autumn-traditions-around-the-world,https://alexherek.com/free-samples#autumn,https://alexherek.com/pl/about,"Książka jest tylko po angielsku — w wersji PL zaznaczyć to wprost; dostosować kontekst do Polski (Wszystkich Świętych / Zaduszki, dożynki) bez mechanicznego tłumaczenia.",national tourism boards; UNESCO; agricultural / cultural encyclopedias (harvest dates verified at writing time),blog-harvest-festivals-unit-study-homeschool.jpg,"Photorealistic editorial photograph, 2:1 wide landscape (1600x800 px), warm natural light, cheerful and inviting. A homeschool table in autumn light: a child's notebook-free workspace with a basket of apples and wheat, colored pencils, a paper world map and a small globe, a parent's hand pointing at the map. No text, no lettering, no numbers, no labels, no logos, no watermarks, no readable book covers. Natural, anatomically correct hands, shallow depth of field, high detail. Keep the main subject inside a central 16:10 area so the image survives cropping.",Child and parent at a homeschool table with a basket of apples and wheat beside a paper world map and colored pencils,"Plan lekcji 5 dni; uczciwie: aktywności, nie obietnice edukacyjne; link do książki jako opcja materiału. | Darmowa próbka tej książki istnieje (6 stron PDF): https://alexherek.com/free-samples#autumn, plik /samples/autumn-traditions-free-sample.pdf (od 2026-10-09). Nie wymyślać szczegółów książki spoza briefu (27 krajów, 3 karty na kraj, wiek 6–9, 8.5×11).",Seria jesienna (klaster S); zob. nakładanie z #25 przy #32.,planned,planned
14,2026-10-26,Mon,cooking,08,08-polish-christmas-ingredients-substitutes,Polish Christmas Ingredients Abroad: Where to Buy Them and What to Substitute,INGREDIENTS,polish christmas ingredients substitutes,wigilia ingredients outside poland; buy poppy seed and dried mushrooms abroad,Informational / commercial,W,support,new_v2 (dodany 29.09),Advent,Wigilia: A Polish Christmas Cookbook of Three Tables,B0HJY94JN6,https://www.amazon.com/dp/B0HJY94JN6,Wigilia: A Polish Christmas Cookbook of Three Tables (Kindle edition),B0HHP8JYR4,https://www.amazon.com/dp/B0HHP8JYR4,https://alexherek.com/cooking/wigilia,https://alexherek.com/free-samples,https://alexherek.com/about,https://www.amazon.com/stores/author/B0H99LJ1VS/allbooks,07-polish-christmas-eve-fish-dishes; 05-polish-christmas-eve-food-by-region; 04-plan-12-dish-wigilia-feast; 01-what-is-wigilia,wigilia-za-granica-skladniki-i-zamienniki,Wigilia za granicą: gdzie kupić składniki i czym je zastąpić,wigilia za granicą składniki zamienniki,Wigilia: A Polish Christmas Cookbook of Three Tables (książka wyłącznie po angielsku),B0HJY94JN6,https://www.amazon.com/dp/B0HJY94JN6,https://alexherek.com/pl/cooking/wigilia,https://alexherek.com/pl/free-samples,https://alexherek.com/pl/about,Książka dostępna tylko po angielsku — CTA w PL musi to jasno zaznaczać (patrz /pl/cooking/wigilia),Food-science / cooking references; specialty grocery guides,blog-polish-christmas-ingredients-abroad.jpg,"Photorealistic food and still-life photograph, 2:1 wide landscape (1600x800 px), warm natural light, appetizing and authentic, cranberry-red and cream tones. Overhead view on white marble of ingredients from an ordinary supermarket that stand in for Polish ones: dried porcini in a glass jar, a jar of sauerkraut, beets, a jar of poppy seed, a honey dipper and wheat berries in a bowl, a canvas tote bag at the corner, bright clean daylight, cranberry and white palette. No text, no lettering, no logos, no watermarks, no readable book covers. Natural, anatomically correct hands, shallow depth of field, high detail. Keep the main subject inside a central 16:10 area so the image survives cropping.","Supermarket ingredients including dried porcini, sauerkraut, beets, poppy seeds and honey on white marble",Zamienniki muszą być kulinarnie uzasadnione; bez linków afiliacyjnych do sklepów.,Blisko #09 — intent: składniki i zamienniki; OK.,planned,planned
15,2026-10-27,Tue,kids,24,24-flag-memory-game-for-kids,Flag Memory Game for Kids: How to Make One With Printable Coloring Pages,ACTIVITIES,flag memory game for kids,matching game with flags for kids; diy memory game coloring pages,Informational,A,support,new_v2 (dodany 29.09),,"Children of the World and Their Cultures, Vol. 1: Europe",B0H9HFC3RB,https://www.amazon.com/dp/B0H9HFC3RB,"Children of the World and Their Cultures, Vol. 3: Asia",B0H9PYDSK8,https://www.amazon.com/dp/B0H9PYDSK8,https://alexherek.com/kids/children-of-the-world,https://alexherek.com/free-samples,https://alexherek.com/about,https://www.amazon.com/stores/author/B0H99LJ1VS/allbooks,08-world-landmarks-architecture-kids; 11-seven-continents-for-kids; 02-geography-coloring-vs-textbooks,gra-memory-z-flagami-dla-dzieci,Gra memory z flagami dla dzieci: jak zrobić ją z kolorowanek,gra memory z flagami dla dzieci,"Dzieci Świata i Ich Kultury, Tom 1: Europa",B0H8L42LC5,https://www.amazon.com/dp/B0H8L42LC5,https://alexherek.com/pl/kids/dzieci-swiata-i-ich-kultury,https://alexherek.com/pl/free-samples,https://alexherek.com/pl/about,,Child-development / early-education organizations (memory play); national flag references,blog-flag-memory-game-for-kids.jpg,"Photorealistic editorial photograph, 2:1 wide landscape (1600x800 px), warm natural light, cheerful and inviting. Top-down view of a memory game in progress on a green felt-like table: pairs of hand-colored square flag cards, some face up, some face down, with two children's hands reaching in from opposite sides, colored pencils scattered at the edge, bright playful palette of red, blue and yellow. No text, no lettering, no logos, no watermarks, no readable book covers. Natural, anatomically correct hands, shallow depth of field, high detail. Keep the main subject inside a central 16:10 area so the image survives cropping.",Two children's hands playing a memory game with hand-colored flag cards on a table,"Krok po kroku (druk, kolor, wycięcie, zasady); link do #07 (znaczenie flag) i #03.",OK — brak nakładania,planned,planned
16,2026-10-29,Thu,seniors,20,20-relaxing-evening-routines,Relaxing Evening Brain Activities for Seniors: A Calm Wind-Down Routine,RELAXATION,relaxing evening brain activities,calming evening activities for older adults; quiet puzzles before bed,Informational,P,support,stub_rewrite,,"Sharp Mind, Vol. 2: Brain Gym Against Dementia",B0H8M6NN89,https://www.amazon.com/dp/B0H8M6NN89,"Left Hand Brain Training for Seniors, Book 1: First Strokes",B0H9HX8Y2S,https://www.amazon.com/dp/B0H9HX8Y2S,https://alexherek.com/seniors/sprawny-umysl,https://alexherek.com/free-samples,https://alexherek.com/about,https://www.amazon.com/stores/author/B0H99LJ1VS/allbooks,13-gentle-brain-gym-activities; 16-large-print-puzzles-eye-strain; 12-word-search-vs-sudoku,wieczorne-zajecia-relaksacyjne-dla-seniorow,Wieczorne zajęcia dla seniora: spokojna rutyna na wyciszenie,wieczorne zajęcia dla seniorów relaks,Sprawny Umysł: Ćwiczenia Pamięci i Koncentracji dla Seniorów,B0H8DGVD9M,https://www.amazon.com/dp/B0H8DGVD9M,https://alexherek.com/pl/seniors/sprawny-umysl,https://alexherek.com/pl/free-samples,https://alexherek.com/pl/about,j.w.,"Sleep foundations (general evening habits, no treatment claims); NIA",blog-relaxing-evening-brain-activities.jpg,"Photorealistic editorial photograph, 2:1 wide landscape (1600x800 px), soft natural light, dignified, warm and never patronizing. Living room at dusk: an older woman in an armchair with a shawl, a lamp on and a mug of herbal tea, a puzzle page resting on her lap, blue-hour window behind, warm lamp glow against cool blue. No text, no lettering, no logos, no watermarks, no readable book covers. Natural, anatomically correct hands, shallow depth of field, high detail. Keep the main subject inside a central 16:10 area so the image survives cropping.","Older woman in an armchair with a shawl, herbal tea and a puzzle page at dusk",Nie obiecywać poprawy snu — tylko rytuał wyciszenia.,OK — brak nakładania,stub (draft:true),planned
17,2026-11-02,Mon,cooking,06,06-polish-christmas-eve-vs-christmas-dinner,Polish Christmas Eve vs. Christmas Day Dinner: What Is the Difference?,TRADITION,polish christmas eve vs christmas dinner,wigilia vs christmas day polish; what do poles eat on christmas day,Informational,W,support,wigilia_doc,Advent,Wigilia: A Polish Christmas Cookbook of Three Tables,B0HJY94JN6,https://www.amazon.com/dp/B0HJY94JN6,Wigilia: A Polish Christmas Cookbook of Three Tables (Kindle edition),B0HHP8JYR4,https://www.amazon.com/dp/B0HHP8JYR4,https://alexherek.com/cooking/wigilia,https://alexherek.com/free-samples,https://alexherek.com/about,https://www.amazon.com/stores/author/B0H99LJ1VS/allbooks,08-polish-christmas-ingredients-substitutes; 07-polish-christmas-eve-fish-dishes; 05-polish-christmas-eve-food-by-region; 01-what-is-wigilia,wigilia-a-obiad-w-boze-narodzenie-roznice,Wigilia a obiad w Boże Narodzenie: czym się różnią?,wigilia a pierwszy dzień świąt jedzenie,Wigilia: A Polish Christmas Cookbook of Three Tables (książka wyłącznie po angielsku),B0HJY94JN6,https://www.amazon.com/dp/B0HJY94JN6,https://alexherek.com/pl/cooking/wigilia,https://alexherek.com/pl/free-samples,https://alexherek.com/pl/about,Książka dostępna tylko po angielsku — CTA w PL musi to jasno zaznaczać (patrz /pl/cooking/wigilia),In Your Pocket; Polonist; Culture.pl,blog-polish-christmas-eve-vs-christmas-dinner.jpg,"Photorealistic food and still-life photograph, 2:1 wide landscape (1600x800 px), warm natural light, appetizing and authentic, cranberry-red and cream tones. Two contrasting plates side by side on a dark wooden table: on the left a meatless plate of mushroom pierogi and beet soup in candlelight, on the right a warm roast duck leg with red cabbage, split evenly, deep red and amber palette, candle flame in the background. No text, no lettering, no logos, no watermarks, no readable book covers. Natural, anatomically correct hands, shallow depth of field, high detail. Keep the main subject inside a central 16:10 area so the image survives cropping.","Meatless pierogi and beet soup on one side and roast duck with red cabbage on the other, on a wooden table","Wyjaśnić: Wigilia postna (24.12), Boże Narodzenie — mięsne dania; zweryfikować w źródłach.",Blisko #02/#05 — intent: porównanie Wigilia vs Boże Narodzenie; OK.,planned,planned
18,2026-11-03,Tue,kids,19,19-traditional-clothing-around-the-world-for-kids,Traditional Clothing Around the World for Kids: How to Talk About It Respectfully,CULTURE,traditional clothing around the world for kids,national dress for kids; cultural costumes explained for children,Informational,B,support,new,,"Children of the World and Their Cultures, Vol. 4: The Americas",B0HBB9JN71,https://www.amazon.com/dp/B0HBB9JN71,"Children of the World and Their Cultures, Vol. 2: Africa",B0H9QJ1844,https://www.amazon.com/dp/B0H9QJ1844,https://alexherek.com/kids/children-of-the-world,https://alexherek.com/free-samples,https://alexherek.com/about,https://www.amazon.com/stores/author/B0H99LJ1VS/allbooks,05-daily-life-kids-around-the-world; 01-intro-world-cultures-toddlers; 04-teaching-empathy-meeting-children,stroje-ludowe-i-tradycyjne-na-swiecie-dla-dzieci,Tradycyjne stroje na świecie dla dzieci: jak rozmawiać o nich z szacunkiem,stroje tradycyjne świata dla dzieci,"Dzieci Świata i Ich Kultury, Tom 4: Ameryka",B0HCJYGHKQ,https://www.amazon.com/dp/B0HCJYGHKQ,https://alexherek.com/pl/kids/dzieci-swiata-i-ich-kultury,https://alexherek.com/pl/free-samples,https://alexherek.com/pl/about,,UNESCO; museum textile collections; national tourism boards,blog-traditional-clothing-around-the-world-for-kids.jpg,"Photorealistic editorial photograph, 2:1 wide landscape (1600x800 px), warm natural light, cheerful and inviting. Top-down studio-style arrangement of folded fabric swatches in different woven and printed patterns, jewel tones, next to a partly colored page of a child in traditional dress and a fan of colored pencils, even soft light on a neutral linen surface. No text, no lettering, no logos, no watermarks, no readable book covers. Natural, anatomically correct hands, shallow depth of field, high detail. Keep the main subject inside a central 16:10 area so the image survives cropping.",Swatches of patterned fabric arranged beside a coloring page of a child in traditional dress,"Rozróżnić 'strój codzienny' vs 'strój świąteczny'; nie sugerować, że ktoś nosi to na co dzień.",j.w.,planned,planned
19,2026-11-04,Wed,kids,32,32-multicultural-fall-activities-classroom,Multicultural Fall Activities for the Elementary Classroom,EDUCATION,multicultural fall activities classroom,fall coloring pages for kids; classroom fall activities culture; fall activities elementary school,Informational,S,support,new,Autumn school events,Autumn Traditions Around the World for Kids,B0HLQ5CMR3,https://www.amazon.com/dp/B0HLQ5CMR3,"Children of the World and Their Cultures, Vol. 1: Europe",B0H9HFC3RB,https://www.amazon.com/dp/B0H9HFC3RB,https://alexherek.com/kids/autumn-traditions-around-the-world,https://alexherek.com/free-samples#autumn,https://alexherek.com/about,https://www.amazon.com/stores/author/B0H99LJ1VS/allbooks,25-cultural-heritage-day-activities-for-kids; 29-autumn-traditions-around-the-world-kids; 04-teaching-empathy-meeting-children,jesienne-zajecia-o-kulturach-swiata-w-klasie,Jesienne zajęcia o kulturach świata w klasie: pomysły dla nauczycieli,jesienne zajęcia w szkole podstawowej,Autumn Traditions Around the World for Kids (wydanie angielskie),B0HLQ5CMR3,https://www.amazon.com/dp/B0HLQ5CMR3,https://alexherek.com/kids/autumn-traditions-around-the-world,https://alexherek.com/free-samples#autumn,https://alexherek.com/pl/about,"Książka jest tylko po angielsku — w wersji PL zaznaczyć to wprost; dostosować kontekst do Polski (Wszystkich Świętych / Zaduszki, dożynki) bez mechanicznego tłumaczenia.",teacher-education organizations; UNESCO / UNICEF materials on inclusive education,blog-multicultural-fall-activities-classroom.jpg,"Photorealistic editorial photograph, 2:1 wide landscape (1600x800 px), warm natural light, cheerful and inviting. An elementary classroom in autumn: several children at a shared table coloring pages with colored pencils, fall leaves taped to a window, a paper world map on the wall behind them without any writing, diverse children, calm and focused. No text, no lettering, no numbers, no labels, no logos, no watermarks, no readable book covers. Natural, anatomically correct hands, shallow depth of field, high detail. Keep the main subject inside a central 16:10 area so the image survives cropping.",Children coloring at a classroom table with fall leaves on the window and a world map on the wall,"Nakłada się tematycznie z #25 (Cultural Heritage Day, 10.11) — rozróżnić: #32 aktywności jesienne; #25 dzień kultury. Napisać oba z wzajemnym linkiem. | Darmowa próbka tej książki istnieje (6 stron PDF): https://alexherek.com/free-samples#autumn, plik /samples/autumn-traditions-free-sample.pdf (od 2026-10-09). Nie wymyślać szczegółów książki spoza briefu (27 krajów, 3 karty na kraj, wiek 6–9, 8.5×11).",Seria jesienna (klaster S); zob. nakładanie z #25 przy #32.,planned,planned
20,2026-11-05,Thu,seniors,24,24-maze-puzzles-for-seniors,Maze Puzzles for Seniors: Why They Are Fun and How to Get Started,PUZZLES,maze puzzles for seniors,mazes for older adults; printable large print mazes,Informational / commercial,P,support,new,,"Sharp Mind, Vol. 3: Memory and Focus Exercises",B0H8HZY89T,https://www.amazon.com/dp/B0H8HZY89T,"Sharp Mind, Vol. 1: With a Touch of Nostalgia",B0H8LXZFFB,https://www.amazon.com/dp/B0H8LXZFFB,https://alexherek.com/seniors/sprawny-umysl,https://alexherek.com/free-samples,https://alexherek.com/about,https://www.amazon.com/stores/author/B0H99LJ1VS/allbooks,20-relaxing-evening-routines; 13-gentle-brain-gym-activities; 16-large-print-puzzles-eye-strain,labirynty-dla-seniorow,Labirynty dla seniorów: dlaczego warto i jak zacząć,labirynty dla seniorów,Sprawny Umysł: Ćwiczenia Pamięci i Koncentracji dla Seniorów,B0H8DGVD9M,https://www.amazon.com/dp/B0H8DGVD9M,https://alexherek.com/pl/seniors/sprawny-umysl,https://alexherek.com/pl/free-samples,https://alexherek.com/pl/about,j.w.,Puzzle and recreation associations; NIA (general engagement),blog-maze-puzzles-for-seniors.jpg,"Photorealistic editorial photograph, 2:1 wide landscape (1600x800 px), soft natural light, dignified, warm and never patronizing. Top-down close-up of an older hand tracing a maze pattern with a pencil on cream paper, a wooden desk surface with a brass paperweight at the corner, soft directional light, warm brown and cream palette. No text, no lettering, no logos, no watermarks, no readable book covers. Natural, anatomically correct hands, shallow depth of field, high detail. Keep the main subject inside a central 16:10 area so the image survives cropping.",Older hand tracing a maze with a pencil on cream paper,,Wspólne 'puzzles' z #29/#16 — różne typy łamigłówek; OK.,planned,planned
21,2026-11-09,Mon,cooking,09,09-polish-christmas-desserts,"Polish Christmas Desserts: Makowiec, Piernik, Sernik and Dried-Fruit Compote",DESSERTS,polish christmas desserts,wigilia desserts; polish gingerbread piernik; kompot z suszu,Informational,W,support,new_v2 (dodany 29.09),Advent baking,Wigilia: A Polish Christmas Cookbook of Three Tables,B0HJY94JN6,https://www.amazon.com/dp/B0HJY94JN6,Wigilia: A Polish Christmas Cookbook of Three Tables (Kindle edition),B0HHP8JYR4,https://www.amazon.com/dp/B0HHP8JYR4,https://alexherek.com/cooking/wigilia,https://alexherek.com/free-samples,https://alexherek.com/about,https://www.amazon.com/stores/author/B0H99LJ1VS/allbooks,03-traditional-polish-christmas-recipes; 06-polish-christmas-eve-vs-christmas-dinner; 08-polish-christmas-ingredients-substitutes; 07-polish-christmas-eve-fish-dishes; 01-what-is-wigilia,polskie-desery-wigilijne-makowiec-piernik-kompot,"Polskie desery na święta: makowiec, piernik, sernik i kompot z suszu",wigilijne desery i ciasta,Wigilia: A Polish Christmas Cookbook of Three Tables (książka wyłącznie po angielsku),B0HJY94JN6,https://www.amazon.com/dp/B0HJY94JN6,https://alexherek.com/pl/cooking/wigilia,https://alexherek.com/pl/free-samples,https://alexherek.com/pl/about,Książka dostępna tylko po angielsku — CTA w PL musi to jasno zaznaczać (patrz /pl/cooking/wigilia),Polonist; Culture.pl; baking references,blog-polish-christmas-desserts.jpg,"Photorealistic food and still-life photograph, 2:1 wide landscape (1600x800 px), warm natural light, appetizing and authentic, cranberry-red and cream tones. A rustic cake stand at a snowy window holding slices of poppy seed roll and iced gingerbread, a glass pitcher of amber dried-fruit compote beside it with two small glasses, icing sugar dusted on the wood, cool blue window light against warm amber tones. No text, no lettering, no logos, no watermarks, no readable book covers. Natural, anatomically correct hands, shallow depth of field, high detail. Keep the main subject inside a central 16:10 area so the image survives cropping.",Cake stand with poppy seed roll and gingerbread beside a pitcher of dried-fruit compote at a snowy window,Uwaga: makowiec był w #03 — tu inny intent (przegląd deserów); linkuj do #03.,Blisko #03 (przepisy: makowiec) — intent: przegląd deserów; linkuj do #03.,planned,planned
22,2026-11-10,Tue,kids,25,25-cultural-heritage-day-activities-for-kids,Cultural Heritage Day at School: 10 Simple Activities for Kids and Families,SCHOOL,cultural heritage day activities for kids,multicultural day ideas for elementary school; international day at school activities,Informational,B,support,new_v2 (dodany 29.09),Autumn school events,"Children of the World and Their Cultures, Vol. 1: Europe",B0H9HFC3RB,https://www.amazon.com/dp/B0H9HFC3RB,"Children of the World and Their Cultures, Vol. 4: The Americas",B0HBB9JN71,https://www.amazon.com/dp/B0HBB9JN71,https://alexherek.com/kids/children-of-the-world,https://alexherek.com/free-samples,https://alexherek.com/about,https://www.amazon.com/stores/author/B0H99LJ1VS/allbooks,19-traditional-clothing-around-the-world-for-kids; 05-daily-life-kids-around-the-world; 01-intro-world-cultures-toddlers,dzien-kultury-w-szkole-pomysly-dla-dzieci,Dzień kultur w szkole i przedszkolu: 10 prostych pomysłów dla dzieci i rodzin,dzień kultur w szkole pomysły,"Dzieci Świata i Ich Kultury, Tom 1: Europa",B0H8L42LC5,https://www.amazon.com/dp/B0H8L42LC5,https://alexherek.com/pl/kids/dzieci-swiata-i-ich-kultury,https://alexherek.com/pl/free-samples,https://alexherek.com/pl/about,,UNESCO; education departments; school multicultural-event guides,blog-cultural-heritage-day-activities.jpg,"Photorealistic editorial photograph, 2:1 wide landscape (1600x800 px), warm natural light, cheerful and inviting. A bright classroom corner set up as a small multicultural showcase: a long table with children's colored flags and drawings displayed on a string, small cultural objects donated by families such as a woven cloth and a wooden instrument, two children arranging items, daylight from tall windows, warm mixed palette. No text, no lettering, no logos, no watermarks, no readable book covers. Natural, anatomically correct hands, shallow depth of field, high detail. Keep the main subject inside a central 16:10 area so the image survives cropping.","Children arranging a table of flags, drawings and small cultural objects for a school heritage day",Ton inkluzywny; nie sprowadzać kultur do egzotyki.,OK — brak nakładania,planned,planned
23,2026-11-12,Thu,seniors,17,17-proverbs-memory-recall,Proverb Games for Seniors: A Fun Way to Practice Recall,MEMORY,proverb games for seniors,finish the proverb game; memory recall activities with sayings,Informational,P,support,stub_rewrite,,"Sharp Mind, Vol. 3: Memory and Focus Exercises",B0H8HZY89T,https://www.amazon.com/dp/B0H8HZY89T,"Sharp Mind, Vol. 1: With a Touch of Nostalgia",B0H8LXZFFB,https://www.amazon.com/dp/B0H8LXZFFB,https://alexherek.com/seniors/sprawny-umysl,https://alexherek.com/free-samples,https://alexherek.com/about,https://www.amazon.com/stores/author/B0H99LJ1VS/allbooks,24-maze-puzzles-for-seniors; 20-relaxing-evening-routines; 13-gentle-brain-gym-activities,przyslowia-dla-seniorow-gra-pamieciowa,"Przysłowia dla seniorów: zabawa, która ćwiczy pamięć",przysłowia dla seniorów ćwiczenia pamięci,Sprawny Umysł: Ćwiczenia Pamięci i Koncentracji dla Seniorów,B0H8DGVD9M,https://www.amazon.com/dp/B0H8DGVD9M,https://alexherek.com/pl/seniors/sprawny-umysl,https://alexherek.com/pl/free-samples,https://alexherek.com/pl/about,j.w.,Folklore/proverb collections; NIA (general engagement),blog-proverb-games-for-seniors.jpg,"Photorealistic editorial photograph, 2:1 wide landscape (1600x800 px), soft natural light, dignified, warm and never patronizing. Two older friends laughing over a coffee table with an open notebook and two cups of coffee, three-quarter view, friendly relaxed mood, warm afternoon light, olive and cream palette. No text, no lettering, no logos, no watermarks, no readable book covers. Natural, anatomically correct hands, shallow depth of field, high detail. Keep the main subject inside a central 16:10 area so the image survives cropping.",Two older friends laughing over a coffee table with an open notebook and cups of coffee,Zmiana słowa kluczowego względem stuba ('memory recall exercises proverbs' → 'proverb games for seniors').,OK — brak nakładania,stub (draft:true),planned
24,2026-11-16,Mon,cooking,10,10-vegan-gluten-free-wigilia,Vegan and Gluten-Free Wigilia: How to Adapt the Traditional Dishes,DIETS,vegan wigilia dishes,gluten free polish christmas eve; plant based wigilia menu,Informational,W,support,new_v2 (dodany 29.09),Advent,Wigilia: A Polish Christmas Cookbook of Three Tables,B0HJY94JN6,https://www.amazon.com/dp/B0HJY94JN6,Wigilia: A Polish Christmas Cookbook of Three Tables (Kindle edition),B0HHP8JYR4,https://www.amazon.com/dp/B0HHP8JYR4,https://alexherek.com/cooking/wigilia,https://alexherek.com/free-samples,https://alexherek.com/about,https://www.amazon.com/stores/author/B0H99LJ1VS/allbooks,09-polish-christmas-desserts; 06-polish-christmas-eve-vs-christmas-dinner; 08-polish-christmas-ingredients-substitutes; 01-what-is-wigilia,weganska-i-bezglutenowa-wigilia,Wegańska i bezglutenowa Wigilia: jak dostosować tradycyjne potrawy,wegańska wigilia,Wigilia: A Polish Christmas Cookbook of Three Tables (książka wyłącznie po angielsku),B0HJY94JN6,https://www.amazon.com/dp/B0HJY94JN6,https://alexherek.com/pl/cooking/wigilia,https://alexherek.com/pl/free-samples,https://alexherek.com/pl/about,Książka dostępna tylko po angielsku — CTA w PL musi to jasno zaznaczać (patrz /pl/cooking/wigilia),"Dietetic associations (gluten-free guidance, general); food-culture references",blog-vegan-gluten-free-wigilia.jpg,"Photorealistic food and still-life photograph, 2:1 wide landscape (1600x800 px), warm natural light, appetizing and authentic, cranberry-red and cream tones. Hands sprinkling fresh dill over a bowl of ruby beet soup in the foreground, behind it a spread of plant-based dishes in glass bowls such as roasted root vegetables, mushroom dumplings on parchment and a wheat-berry pudding, bright natural light from the left, fresh green and cranberry palette. No text, no lettering, no logos, no watermarks, no readable book covers. Natural, anatomically correct hands, shallow depth of field, high detail. Keep the main subject inside a central 16:10 area so the image survives cropping.",Hands sprinkling dill over a bowl of beet soup with plant-based Wigilia dishes in the background,Bez twierdzeń medycznych (celiakia → odsyłać do lekarza/dietetyka); zamienniki sprawdzone.,Wspólne 'wigilia' z #01 — intent: dieta; OK.,planned,planned
25,2026-11-17,Tue,kids,12,12-grandparent-grandchild-activities,Grandparent and Grandchild Activities: 10 Screen-Free Ideas for Visits,FAMILY,grandparent grandchild activities,things to do with grandkids; activities for grandparents and grandchildren indoors,Informational / commercial,C,cross-audience,new,Thanksgiving / holiday visits (publish ~1 week before),"Children of the World and Their Cultures, Vol. 4: The Americas",B0HBB9JN71,https://www.amazon.com/dp/B0HBB9JN71,"Left Hand Brain Training for Seniors, Book 1: First Strokes",B0H9HX8Y2S,https://www.amazon.com/dp/B0H9HX8Y2S,https://alexherek.com/kids/children-of-the-world,https://alexherek.com/free-samples,https://alexherek.com/about,https://www.amazon.com/stores/author/B0H99LJ1VS/allbooks,seniors/11-non-dominant-hand-drawing,zajecia-babcia-dziadek-wnuki,"Zajęcia dla babci, dziadka i wnuków: 10 pomysłów bez ekranu",zabawy z wnukami,"Dzieci Świata i Ich Kultury, Tom 4: Ameryka",B0HCJYGHKQ,https://www.amazon.com/dp/B0HCJYGHKQ,https://alexherek.com/pl/kids/dzieci-swiata-i-ich-kultury,https://alexherek.com/pl/free-samples,https://alexherek.com/pl/about,,National Institute on Aging (intergenerational engagement); child-development organizations,blog-grandparent-grandchild-activities.jpg,"Photorealistic editorial photograph, 2:1 wide landscape (1600x800 px), warm natural light, cheerful and inviting. Warm living-room scene: a grandmother and a grandson of about seven sit side by side on a sofa coloring one large shared page, a knitted blanket over their laps, late-afternoon light; frame focuses on hands, shoulders and gentle smiles. No text, no lettering, no logos, no watermarks, no readable book covers. Natural, anatomically correct hands, shallow depth of field, high detail. Keep the main subject inside a central 16:10 area so the image survives cropping.",Grandmother and grandson coloring one large page together on a sofa,Artykuł pomostowy Kids↔Seniors: link do obu grup książek (CotW + LHBT Bk1).,OK — brak nakładania,planned,planned
26,2026-11-18,Wed,kids,33,33-gratitude-thanksgiving-around-the-world-kids,Gratitude Around the World: Thanksgiving-Style Traditions in Other Countries,CULTURE,Thanksgiving around the world for kids,gratitude activities for kids; harvest thanksgiving traditions in other countries; gratitude traditions around the world,Informational,S,support,new,Thanksgiving Thu 26 Nov 2026 — publish ~1 week before,Autumn Traditions Around the World for Kids,B0HLQ5CMR3,https://www.amazon.com/dp/B0HLQ5CMR3,"Children of the World and Their Cultures, Vol. 1: Europe",B0H9HFC3RB,https://www.amazon.com/dp/B0H9HFC3RB,https://alexherek.com/kids/autumn-traditions-around-the-world,https://alexherek.com/free-samples#autumn,https://alexherek.com/about,https://www.amazon.com/stores/author/B0H99LJ1VS/allbooks,29-autumn-traditions-around-the-world-kids; 31-harvest-festivals-unit-study-homeschool; 12-grandparent-grandchild-activities,wdziecznosc-na-swiecie-swieta-dziekczynienia-dla-dzieci,Wdzięczność na świecie: tradycje podobne do Święta Dziękczynienia,święta dziękczynienia na świecie dla dzieci,Autumn Traditions Around the World for Kids (wydanie angielskie),B0HLQ5CMR3,https://www.amazon.com/dp/B0HLQ5CMR3,https://alexherek.com/kids/autumn-traditions-around-the-world,https://alexherek.com/free-samples#autumn,https://alexherek.com/pl/about,"Książka jest tylko po angielsku — w wersji PL zaznaczyć to wprost; dostosować kontekst do Polski (Wszystkich Świętych / Zaduszki, dożynki) bez mechanicznego tłumaczenia.","national tourism boards; encyclopedias for each festival (Chuseok, Sukkot, Pongal, Harvest Thanksgiving etc. verified at writing time)",blog-gratitude-thanksgiving-around-the-world-kids.jpg,"Photorealistic editorial photograph, 2:1 wide landscape (1600x800 px), warm natural light, cheerful and inviting. A family table with a shared meal of simple harvest foods, a child's hands passing a bowl to a grandparent, candles, autumn leaves and a small handmade paper banner without writing; warm gratitude mood. No text, no lettering, no numbers, no labels, no logos, no watermarks, no readable book covers. Natural, anatomically correct hands, shallow depth of field, high detail. Keep the main subject inside a central 16:10 area so the image survives cropping.",Child passing a bowl of harvest food to a grandparent at a family table with candles and autumn leaves,"Święta religijne opisywać informacyjnie, bez oceniania; PL: odniesienia do Dziękczynienia jako święta USA/Kanady. | Darmowa próbka tej książki istnieje (6 stron PDF): https://alexherek.com/free-samples#autumn, plik /samples/autumn-traditions-free-sample.pdf (od 2026-10-09). Nie wymyślać szczegółów książki spoza briefu (27 krajów, 3 karty na kraj, wiek 6–9, 8.5×11).",Seria jesienna (klaster S); zob. nakładanie z #25 przy #32.,planned,planned
27,2026-11-19,Thu,seniors,21,21-reminiscence-activities-for-seniors,Reminiscence Activities for Seniors: Conversation Starters for Family Visits,MEMORY,reminiscence activities for seniors,memory sharing activities for older adults; questions to ask grandparents about the past,Informational,R,support,new,Thanksgiving / holiday visits (publish ~1 week before),"Sharp Mind, Vol. 1: With a Touch of Nostalgia",B0H8LXZFFB,https://www.amazon.com/dp/B0H8LXZFFB,"Left Hand Brain Training for Seniors, Book 1: First Strokes",B0H9HX8Y2S,https://www.amazon.com/dp/B0H9HX8Y2S,https://alexherek.com/seniors/sprawny-umysl,https://alexherek.com/free-samples,https://alexherek.com/about,https://www.amazon.com/stores/author/B0H99LJ1VS/allbooks,,wspomnienia-z-przeszlosci-zajecia-dla-seniorow,Wspominanie z seniorem: pytania i zajęcia na rodzinne odwiedziny,zajęcia wspomnieniowe dla seniorów,Sprawny Umysł: Ćwiczenia Pamięci i Koncentracji dla Seniorów,B0H8DGVD9M,https://www.amazon.com/dp/B0H8DGVD9M,https://alexherek.com/pl/seniors/sprawny-umysl,https://alexherek.com/pl/free-samples,https://alexherek.com/pl/about,PL to osobna książka (nie tłumaczenie Sharp Mind Vol. 1) — CTA pisz jako 'polska książka Sprawny Umysł',Alzheimer's Association or NIA (social engagement); oral-history programs,blog-reminiscence-activities-for-seniors.jpg,"Photorealistic editorial photograph, 2:1 wide landscape (1600x800 px), soft natural light, dignified, warm and never patronizing. An older woman and her adult granddaughter looking through a shoebox of old photographs and postcards spread across the arm of a sofa (photos not legible), warm evening lamp light, amber and dusty-rose palette. No text, no lettering, no logos, no watermarks, no readable book covers. Natural, anatomically correct hands, shallow depth of field, high detail. Keep the main subject inside a central 16:10 area so the image survives cropping.",Older woman and her granddaughter looking through a box of old photographs on a sofa,Ryzyko kanibalizacji z #14 (nostalgic word searches): #21 = rozmowa i wspomnienia; #14 = wykreślanki. Nie używać 'terapia reminiscencyjna'.,Blisko #14 (nostalgia) — intent: rozmowa/wspomnienia; OK.,planned,planned
28,2026-11-23,Mon,cooking,11,11-history-of-wigilia,A History of Wigilia: How the Polish Christmas Eve Supper Took Shape,HISTORY,history of wigilia,origins of polish christmas eve supper; wigilia traditions history,Informational,W,support,wigilia_doc,Advent,Wigilia: A Polish Christmas Cookbook of Three Tables,B0HJY94JN6,https://www.amazon.com/dp/B0HJY94JN6,Wigilia: A Polish Christmas Cookbook of Three Tables (Kindle edition),B0HHP8JYR4,https://www.amazon.com/dp/B0HHP8JYR4,https://alexherek.com/cooking/wigilia,https://alexherek.com/free-samples,https://alexherek.com/about,https://www.amazon.com/stores/author/B0H99LJ1VS/allbooks,10-vegan-gluten-free-wigilia; 09-polish-christmas-desserts; 06-polish-christmas-eve-vs-christmas-dinner; 01-what-is-wigilia,historia-wigilii,Historia Wigilii: jak ukształtowała się polska wieczerza wigilijna,historia wigilii w polsce,Wigilia: A Polish Christmas Cookbook of Three Tables (książka wyłącznie po angielsku),B0HJY94JN6,https://www.amazon.com/dp/B0HJY94JN6,https://alexherek.com/pl/cooking/wigilia,https://alexherek.com/pl/free-samples,https://alexherek.com/pl/about,Książka dostępna tylko po angielsku — CTA w PL musi to jasno zaznaczać (patrz /pl/cooking/wigilia),Culture.pl; historical/ethnographic sources (must be real and verifiable); encyclopedia,blog-history-of-wigilia.jpg,"Photorealistic food and still-life photograph, 2:1 wide landscape (1600x800 px), warm natural light, appetizing and authentic, cranberry-red and cream tones. Antique wooden shelf in warm low light holding an embroidered linen cloth, a brass candlestick with a lit candle, a sheaf of dried wheat tied with twine and an old blank-paged cookbook, soft sepia-toned warmth, deep red and gold palette. No text, no lettering, no logos, no watermarks, no readable book covers. Natural, anatomically correct hands, shallow depth of field, high detail. Keep the main subject inside a central 16:10 area so the image survives cropping.","Embroidered linen cloth, brass candlestick, dried wheat sheaf and an old book on an antique shelf",NAJWYŻSZE RYZYKO faktów historycznych — tylko sprawdzone źródła; unikać mitów (np. o pochodzeniu 12 potraw) bez atrybucji.,'wigilia' w #01 — intent: historia (chronologia) vs definicja i zwyczaje; w #01 nie rozwijać historii.,planned,planned
29,2026-11-24,Tue,kids,10,10-building-global-mindset-parenting,Raising Culturally Aware Children: 7 Everyday Habits for Parents,PARENTING,raising culturally aware children,how to teach kids about diversity at home; open-minded children habits,Informational,B,support,stub_rewrite,,"Children of the World and Their Cultures, Vol. 2: Africa",B0H9QJ1844,https://www.amazon.com/dp/B0H9QJ1844,"Children of the World and Their Cultures, Vol. 3: Asia",B0H9PYDSK8,https://www.amazon.com/dp/B0H9PYDSK8,https://alexherek.com/kids/children-of-the-world,https://alexherek.com/free-samples,https://alexherek.com/about,https://www.amazon.com/stores/author/B0H99LJ1VS/allbooks,25-cultural-heritage-day-activities-for-kids; 19-traditional-clothing-around-the-world-for-kids; 05-daily-life-kids-around-the-world,wychowanie-dziecka-otwartego-na-swiat,Jak wychować dziecko otwarte na inne kultury? 7 codziennych nawyków,wychowanie dziecka otwartego na świat,"Dzieci Świata i Ich Kultury, Tom 2: Afryka",B0H8P2LY62,https://www.amazon.com/dp/B0H8P2LY62,https://alexherek.com/pl/kids/dzieci-swiata-i-ich-kultury,https://alexherek.com/pl/free-samples,https://alexherek.com/pl/about,,CASEL; AAP; UNESCO (global citizenship education),blog-raising-culturally-aware-children.jpg,"Photorealistic editorial photograph, 2:1 wide landscape (1600x800 px), warm natural light, cheerful and inviting. A parent and a child of about five seen from behind in a sunny hallway, the child pointing to a spot on a large world map pinned to the wall, the parent's hand resting on the child's shoulder, warm afternoon light, soft coral and cream palette. No text, no lettering, no logos, no watermarks, no readable book covers. Natural, anatomically correct hands, shallow depth of field, high detail. Keep the main subject inside a central 16:10 area so the image survives cropping.",Parent and child looking at a large world map on a hallway wall while the child points to a place,Ryzyko kanibalizacji z #04 (empatia) — inny intent: nawyki rodzica vs efekt książek; linkuj do #04.,Blisko #04 (empatia) i #01 — inny intent (nawyki rodzica); linkuj do #04.,stub (draft:true),planned
30,2026-12-01,Tue,kids,13,13-geography-gifts-for-kids,Geography Gifts for Kids: Thoughtful Ideas for Curious Ages 4–9,GIFT GUIDE,geography gifts for kids,gifts for kids who love maps; educational gifts for 6 year olds,Commercial investigation,C,commercial,new,Holiday gifting (Black Friday / Mikołajki 6 Dec),"Children of the World and Their Cultures, Vol. 3: Asia",B0H9PYDSK8,https://www.amazon.com/dp/B0H9PYDSK8,"Children of the World and Their Cultures, Vol. 1: Europe",B0H9HFC3RB,https://www.amazon.com/dp/B0H9HFC3RB,https://alexherek.com/kids/children-of-the-world,https://alexherek.com/free-samples,https://alexherek.com/about,https://www.amazon.com/stores/author/B0H99LJ1VS/allbooks,12-grandparent-grandchild-activities,prezenty-edukacyjne-dla-dzieci-geografia,"Prezenty dla dzieci, które kochają mapy i podróże: 10 pomysłów",prezenty edukacyjne dla dzieci geografia,"Dzieci Świata i Ich Kultury, Tom 3: Azja",B0HCBC2HKZ,https://www.amazon.com/dp/B0HCBC2HKZ,https://alexherek.com/pl/kids/dzieci-swiata-i-ich-kultury,https://alexherek.com/pl/free-samples,https://alexherek.com/pl/about,,Toy and education associations; child-development organizations,blog-geography-gifts-for-kids.jpg,"Photorealistic editorial photograph, 2:1 wide landscape (1600x800 px), warm natural light, cheerful and inviting. Styled gift-wrapping scene on a pale wood table: a flat rectangular gift in brown kraft paper tied with twine, a small paper globe ornament, colored pencils and a blank tag, festive but restrained, red and forest-green accents. No text, no lettering, no logos, no watermarks, no readable book covers. Natural, anatomically correct hands, shallow depth of field, high detail. Keep the main subject inside a central 16:10 area so the image survives cropping.",Gift wrapped in kraft paper with twine beside a small paper globe ornament and colored pencils,Ujawnienie: autor jest wydawcą polecanych książek. Nie fałszować opinii/recenzji (FTC 16 CFR 465).,Wspólne 'geography' z #02/#23 — intent zakupowy (prezent); OK.,planned,planned
31,2026-12-03,Thu,seniors,22,22-gifts-for-elderly-parents-who-have-everything,Gifts for Elderly Parents Who Have Everything: 12 Ideas Beyond Clutter,GIFT GUIDE,gifts for elderly parents who have everything,thoughtful gifts for seniors; meaningful gifts for grandparents,Commercial investigation,R,commercial,new,Holiday gifting,"Left Hand Brain Training for Seniors, Book 1: First Strokes",B0H9HX8Y2S,https://www.amazon.com/dp/B0H9HX8Y2S,"Sharp Mind, Vol. 1: With a Touch of Nostalgia",B0H8LXZFFB,https://www.amazon.com/dp/B0H8LXZFFB,https://alexherek.com/seniors/left-hand-brain-training,https://alexherek.com/free-samples,https://alexherek.com/about,https://www.amazon.com/stores/author/B0H99LJ1VS/allbooks,19-choosing-puzzle-book-aging-parents; 21-reminiscence-activities-for-seniors,prezent-dla-starszych-rodzicow,"Prezent dla starszych rodziców, którzy mają wszystko: 12 pomysłów bez zbędnych rzeczy",prezent dla seniora który ma wszystko,"Trening Mózgu Lewą Ręką dla Seniorów, Tom 1: Pierwsze Kroki",B0H9HX8Y2S,https://www.amazon.com/dp/B0H9HX8Y2S,https://alexherek.com/pl/seniors/trening-mozgu-lewa-reka,https://alexherek.com/pl/free-samples,https://alexherek.com/pl/about,,Consumer/senior-living gift guides (independent); AARP-type publications,blog-gifts-for-elderly-parents-who-have-everything.jpg,"Photorealistic editorial photograph, 2:1 wide landscape (1600x800 px), soft natural light, dignified, warm and never patronizing. Overhead tabletop on a cream linen cloth: a small gift box tied with a navy ribbon, a potted herb plant, a hardcover blank notebook, a tin of tea and a pen, soft window light, navy and cream palette. No text, no lettering, no logos, no watermarks, no readable book covers. Natural, anatomically correct hands, shallow depth of field, high detail. Keep the main subject inside a central 16:10 area so the image survives cropping.","Gift box with navy ribbon, a potted herb, a notebook, tea tin and pen on a cream linen cloth",Różnicować od #19 (puzzle book) — tu prezenty doświadczeń i drobne; link do #19. Ujawnić własne książki.,OK — brak nakładania,planned,planned
32,2026-12-08,Tue,kids,26,26-independent-play-activities-for-kids,Independent Play Activities for Kids: Quiet Ideas for Ages 4–8,ACTIVITIES,independent play activities for kids,quiet time activities for kids; screen free activities for kids,Informational / commercial,C,support,new_v2 (dodany 29.09),Before winter break,"Children of the World and Their Cultures, Vol. 4: The Americas",B0HBB9JN71,https://www.amazon.com/dp/B0HBB9JN71,"Children of the World and Their Cultures, Vol. 1: Europe",B0H9HFC3RB,https://www.amazon.com/dp/B0H9HFC3RB,https://alexherek.com/kids/children-of-the-world,https://alexherek.com/free-samples,https://alexherek.com/about,https://www.amazon.com/stores/author/B0H99LJ1VS/allbooks,13-geography-gifts-for-kids; 12-grandparent-grandchild-activities,samodzielna-zabawa-dla-dzieci-pomysly,Samodzielna zabawa dla dzieci: spokojne pomysły dla 4–8-latków,zabawy samodzielne dla dzieci,"Dzieci Świata i Ich Kultury, Tom 4: Ameryka",B0HCJYGHKQ,https://www.amazon.com/dp/B0HCJYGHKQ,https://alexherek.com/pl/kids/dzieci-swiata-i-ich-kultury,https://alexherek.com/pl/free-samples,https://alexherek.com/pl/about,,Pediatric and child-development organizations (play guidance); library programs,blog-independent-play-activities-for-kids.jpg,"Photorealistic editorial photograph, 2:1 wide landscape (1600x800 px), warm natural light, cheerful and inviting. A child of about five sitting cross-legged on a floor cushion in a sunny reading nook, absorbed in coloring a large page on a low tray, a basket of pencils beside them and a plant in the window, calm cream, mint and yellow palette. No text, no lettering, no logos, no watermarks, no readable book covers. Natural, anatomically correct hands, shallow depth of field, high detail. Keep the main subject inside a central 16:10 area so the image survives cropping.",Child coloring quietly on a low tray in a sunny reading nook,Bez twierdzeń o rozwoju/ADHD; tylko praktyczne pomysły. Ryzyko: 'screen free' wspólne z #15 — inny intent.,'screen free' wspólne z #15 — inny intent; OK.,planned,planned
33,2026-12-10,Thu,seniors,25,25-comfortable-pencil-grip-for-seniors,Comfortable Pencil Grip for Seniors: Simple Tips for Drawing and Writing,MOTOR SKILLS,comfortable pencil grip for seniors,how to hold a pencil older adults; easy grip pens for seniors,Informational,M,support,new,,"Left Hand Brain Training for Seniors, Book 1: First Strokes",B0H9HX8Y2S,https://www.amazon.com/dp/B0H9HX8Y2S,"Left Hand Brain Training for Seniors, Book 2: Steady Progress",B0H9N1VNRQ,https://www.amazon.com/dp/B0H9N1VNRQ,https://alexherek.com/seniors/left-hand-brain-training,https://alexherek.com/free-samples,https://alexherek.com/about,https://www.amazon.com/stores/author/B0H99LJ1VS/allbooks,11-non-dominant-hand-drawing; 15-fine-motor-drills-older-adults; 18-mirror-drawing-exercises,wygodny-chwyt-olowka-dla-seniorow,Wygodny chwyt ołówka dla seniora: proste wskazówki do rysowania i pisania,jak trzymać ołówek senior,"Trening Mózgu Lewą Ręką dla Seniorów, Tom 1: Pierwsze Kroki",B0H9HX8Y2S,https://www.amazon.com/dp/B0H9HX8Y2S,https://alexherek.com/pl/seniors/trening-mozgu-lewa-reka,https://alexherek.com/pl/free-samples,https://alexherek.com/pl/about,,"Occupational therapy associations (ergonomic grip, general tips); NIA",blog-comfortable-pencil-grip-for-seniors.jpg,"Photorealistic editorial photograph, 2:1 wide landscape (1600x800 px), soft natural light, dignified, warm and never patronizing. Extreme close-up macro of an older hand holding a chunky ergonomic pencil over a sheet of paper, shallow depth of field, soft window light from the left, warm skin tones on a pale sage background. No text, no lettering, no logos, no watermarks, no readable book covers. Natural, anatomically correct hands, shallow depth of field, high detail. Keep the main subject inside a central 16:10 area so the image survives cropping.",Close-up of an older hand holding a thick ergonomic pencil over paper,Bez porad medycznych; przy bólu dłoni odsyłać do specjalisty.,OK — brak nakładania,planned,planned
34,2026-12-15,Tue,kids,14,14-christmas-around-the-world-for-kids,Christmas Around the World for Kids: 8 Traditions to Color and Talk About,CULTURE,christmas around the world for kids,christmas traditions in different countries for kids,Informational,B,seasonal,new,Advent / December,"Children of the World and Their Cultures, Vol. 1: Europe",B0H9HFC3RB,https://www.amazon.com/dp/B0H9HFC3RB,"Children of the World and Their Cultures, Vol. 4: The Americas",B0HBB9JN71,https://www.amazon.com/dp/B0HBB9JN71,https://alexherek.com/kids/children-of-the-world,https://alexherek.com/free-samples,https://alexherek.com/about,https://www.amazon.com/stores/author/B0H99LJ1VS/allbooks,10-building-global-mindset-parenting; 25-cultural-heritage-day-activities-for-kids; 19-traditional-clothing-around-the-world-for-kids; cooking/01-what-is-wigilia; cooking/02-12-dishes-polish-christmas-eve,boze-narodzenie-na-swiecie-dla-dzieci,Boże Narodzenie na świecie dla dzieci: 8 tradycji do pokolorowania i rozmowy,Boże Narodzenie na świecie dla dzieci,"Dzieci Świata i Ich Kultury, Tom 1: Europa",B0H8L42LC5,https://www.amazon.com/dp/B0H8L42LC5,https://alexherek.com/pl/kids/dzieci-swiata-i-ich-kultury,https://alexherek.com/pl/free-samples,https://alexherek.com/pl/about,,National tourism boards; encyclopedia of holidays; UNESCO intangible heritage lists,blog-christmas-around-the-world-for-kids.jpg,"Photorealistic editorial photograph, 2:1 wide landscape (1600x800 px), warm natural light, cheerful and inviting. Cozy table decorated with paper ornaments in different traditional styles, such as a star lantern, straw ornaments and cut-paper snowflakes, a child coloring at the table's edge, fairy-light bokeh behind, deep red and gold palette. No text, no lettering, no logos, no watermarks, no readable book covers. Natural, anatomically correct hands, shallow depth of field, high detail. Keep the main subject inside a central 16:10 area so the image survives cropping.",Child coloring beside paper Christmas ornaments from different traditions and fairy lights,"Link krzyżowy do bloga Cooking (what-is-wigilia, 12 dishes). Inny intent niż Wigilia (holiday-around-the-world vs Polish supper).",Szablon 'around the world for kids' wspólny z #05/#18/#19 — różne rdzenie tematyczne; OK.,planned,planned
35,2026-12-17,Thu,seniors,14,14-nostalgic-word-searches,Nostalgic Word Searches for Seniors: Themes That Bring Back Good Memories,PUZZLES,nostalgic word searches for seniors,retro word search themes; vintage word search puzzles for older adults,Informational / commercial,P,support,stub_rewrite,Holiday season (nostalgia),"Sharp Mind, Vol. 1: With a Touch of Nostalgia",B0H8LXZFFB,https://www.amazon.com/dp/B0H8LXZFFB,"Sharp Mind, Vol. 3: Memory and Focus Exercises",B0H8HZY89T,https://www.amazon.com/dp/B0H8HZY89T,https://alexherek.com/seniors/sprawny-umysl,https://alexherek.com/free-samples,https://alexherek.com/about,https://www.amazon.com/stores/author/B0H99LJ1VS/allbooks,17-proverbs-memory-recall; 24-maze-puzzles-for-seniors; 20-relaxing-evening-routines,nostalgiczne-wykreslanki-dla-seniorow,"Nostalgiczne wykreślanki dla seniorów: tematy, które przywołują wspomnienia",wykreślanki nostalgiczne dla seniorów,Sprawny Umysł: Ćwiczenia Pamięci i Koncentracji dla Seniorów,B0H8DGVD9M,https://www.amazon.com/dp/B0H8DGVD9M,https://alexherek.com/pl/seniors/sprawny-umysl,https://alexherek.com/pl/free-samples,https://alexherek.com/pl/about,PL to osobna książka (nie tłumaczenie Sharp Mind Vol. 1) — CTA pisz jako 'polska książka Sprawny Umysł',Library/senior-center program guides; NIA (general engagement),blog-nostalgic-word-searches-for-seniors.jpg,"Photorealistic editorial photograph, 2:1 wide landscape (1600x800 px), soft natural light, dignified, warm and never patronizing. A retro 1950s-style kitchen shelf with a small radio and a record player, in the foreground an older man circling words on a puzzle page with a pencil (page blurred, no readable words), warm amber light, mid-century mint and cream palette. No text, no lettering, no logos, no watermarks, no readable book covers. Natural, anatomically correct hands, shallow depth of field, high detail. Keep the main subject inside a central 16:10 area so the image survives cropping.",Older man circling words on a puzzle page in a retro kitchen with a vintage radio,Podlinkować do #21 jako artykułu nadrzędnego o wspomnieniach.,Wspólne 'word search' z #12 — inny intent; linkuj do #21 (wspomnienia) i #12.,stub (draft:true),planned
36,2026-12-22,Tue,kids,15,15-winter-break-activities-for-kids,Winter Break Activities for Kids at Home: A Screen-Light Plan for 5 Days,ACTIVITIES,winter break activities for kids,indoor activities for kids in winter; screen free winter break ideas,Informational,C,seasonal,new,Winter break (US: late Dec; PL ferie Jan–Feb),"Children of the World and Their Cultures, Vol. 5: Oceania & Arctic",B0H9SMSC1P,https://www.amazon.com/dp/B0H9SMSC1P,"Children of the World and Their Cultures, Vol. 1: Europe",B0H9HFC3RB,https://www.amazon.com/dp/B0H9HFC3RB,https://alexherek.com/kids/children-of-the-world,https://alexherek.com/free-samples,https://alexherek.com/about,https://www.amazon.com/stores/author/B0H99LJ1VS/allbooks,26-independent-play-activities-for-kids; 13-geography-gifts-for-kids; 12-grandparent-grandchild-activities,ferie-zimowe-w-domu-zajecia-dla-dzieci,Ferie zimowe w domu: 5 dni zajęć dla dzieci bez ekranu,ferie zimowe pomysły dla dzieci w domu,"Dzieci Świata i Ich Kultury, Tom 1: Europa",B0H8L42LC5,https://www.amazon.com/dp/B0H8L42LC5,https://alexherek.com/pl/kids/dzieci-swiata-i-ich-kultury,https://alexherek.com/pl/free-samples,https://alexherek.com/pl/about,"PL Tom 5 niedostępny — w PL linkuj Tom 1 lub wersję EN (amazon.com/dp/B0H9SMSC1P) z adnotacją → w PL użyj: Dzieci Świata i Ich Kultury, Tom 1: Europa",Child-development / pediatric organizations (screen guidance); library associations,blog-winter-break-activities-for-kids.jpg,"Photorealistic editorial photograph, 2:1 wide landscape (1600x800 px), warm natural light, cheerful and inviting. Snowy window seat: a child in wool socks wrapped in a blanket coloring on a lap desk, snow falling outside the window, a mug of cocoa on the sill, cool blue daylight mixed with a warm lamp glow. No text, no lettering, no logos, no watermarks, no readable book covers. Natural, anatomically correct hands, shallow depth of field, high detail. Keep the main subject inside a central 16:10 area so the image survives cropping.",Child in a blanket coloring on a window seat while snow falls outside,"Jeśli to możliwe, opublikować 15 XII zamiast 29 XII (zamiana z #14). PL: Tom 5 (Oceania/Arktyka) niedostępny — CTA na Tom 1 PL.",OK — brak nakładania,planned,planned
37,2027-01-05,Tue,kids,09,09-virtual-field-trip-coloring,Virtual Field Trips for Kids at Home: How to Explore the World With Coloring Pages,ACTIVITIES,virtual field trip for kids at home,learn about countries at home; stay-at-home world tour for kids,Informational,A,support,stub_rewrite,"January (cold months, indoor time)","Children of the World and Their Cultures, Vol. 4: The Americas",B0HBB9JN71,https://www.amazon.com/dp/B0HBB9JN71,"Children of the World and Their Cultures, Vol. 1: Europe",B0H9HFC3RB,https://www.amazon.com/dp/B0H9HFC3RB,https://alexherek.com/kids/children-of-the-world,https://alexherek.com/free-samples,https://alexherek.com/about,https://www.amazon.com/stores/author/B0H99LJ1VS/allbooks,24-flag-memory-game-for-kids; 08-world-landmarks-architecture-kids; 11-seven-continents-for-kids,wirtualna-wycieczka-dla-dzieci-w-domu,Wirtualna wycieczka dla dzieci: jak zwiedzać świat w domu z kolorowanką,wirtualna wycieczka dla dzieci,"Dzieci Świata i Ich Kultury, Tom 4: Ameryka",B0HCJYGHKQ,https://www.amazon.com/dp/B0HCJYGHKQ,https://alexherek.com/pl/kids/dzieci-swiata-i-ich-kultury,https://alexherek.com/pl/free-samples,https://alexherek.com/pl/about,,Museum and library educational programs; national tourism boards,blog-virtual-field-trip-for-kids-at-home.jpg,"Photorealistic editorial photograph, 2:1 wide landscape (1600x800 px), warm natural light, cheerful and inviting. A child at a kitchen table with a folded blank paper 'passport' booklet, a toy suitcase and a partly colored country page, bright morning window light, cheerful yellow and mint palette, no screens in view. No text, no lettering, no logos, no watermarks, no readable book covers. Natural, anatomically correct hands, shallow depth of field, high detail. Keep the main subject inside a central 16:10 area so the image survives cropping.",Child at a kitchen table with a small toy suitcase and a partly colored country page,,OK — brak nakładania,stub (draft:true),planned
38,2027-01-07,Thu,seniors,23,23-daily-brain-exercise-routine-for-seniors,A 15-Minute Daily Brain Exercise Routine for Seniors (Start Small This New Year),ROUTINE,daily brain exercise routine for seniors,how to build a daily mental exercise habit; 15 minute brain workout for older adults,Informational,R,seasonal,new,New Year habits,"Left Hand Brain Training for Seniors, Book 1: First Strokes",B0H9HX8Y2S,https://www.amazon.com/dp/B0H9HX8Y2S,"Sharp Mind, Vol. 3: Memory and Focus Exercises",B0H8HZY89T,https://www.amazon.com/dp/B0H8HZY89T,https://alexherek.com/seniors/left-hand-brain-training,https://alexherek.com/free-samples,https://alexherek.com/about,https://www.amazon.com/stores/author/B0H99LJ1VS/allbooks,22-gifts-for-elderly-parents-who-have-everything; 21-reminiscence-activities-for-seniors,codzienna-rutyna-cwiczen-umyslu-dla-seniorow,15 minut dziennie: codzienna rutyna ćwiczeń umysłu dla seniora,codzienne ćwiczenia umysłu dla seniora,"Trening Mózgu Lewą Ręką dla Seniorów, Tom 1: Pierwsze Kroki",B0H9HX8Y2S,https://www.amazon.com/dp/B0H9HX8Y2S,https://alexherek.com/pl/seniors/trening-mozgu-lewa-reka,https://alexherek.com/pl/free-samples,https://alexherek.com/pl/about,,National Institute on Aging; behavior-change / habit-formation research summaries,blog-daily-brain-exercise-routine-for-seniors.jpg,"Photorealistic editorial photograph, 2:1 wide landscape (1600x800 px), soft natural light, dignified, warm and never patronizing. An older woman at a small balcony table at sunrise with a coffee, a pencil and a paper page, rooftops and a pale pink-orange sky softly blurred behind her, seen in three-quarter view, cool blue and warm peach palette. No text, no lettering, no logos, no watermarks, no readable book covers. Natural, anatomically correct hands, shallow depth of field, high detail. Keep the main subject inside a central 16:10 area so the image survives cropping.","Older woman at a balcony table at sunrise with coffee, a pencil and a paper page",Ryzyko z #13/#26: routine = harmonogram 15 min; gym = lista ćwiczeń; habits = styl życia. Linkuj do obu.,Blisko #13/#26 — intent: harmonogram 15 min; OK.,planned,planned
39,2027-01-12,Tue,kids,20,20-oceania-for-kids,"Oceania for Kids: Australia, New Zealand, Fiji and the Pacific Islands",GEOGRAPHY,oceania for kids,countries in oceania for kids; australia and new zealand for kids,Informational,A,support,new,,"Children of the World and Their Cultures, Vol. 5: Oceania & Arctic",B0H9SMSC1P,https://www.amazon.com/dp/B0H9SMSC1P,"Children of the World and Their Cultures, Vol. 1: Europe",B0H9HFC3RB,https://www.amazon.com/dp/B0H9HFC3RB,https://alexherek.com/kids/children-of-the-world,https://alexherek.com/free-samples,https://alexherek.com/about,https://www.amazon.com/stores/author/B0H99LJ1VS/allbooks,09-virtual-field-trip-coloring; 24-flag-memory-game-for-kids; 08-world-landmarks-architecture-kids,oceania-dla-dzieci,"Oceania dla dzieci: Australia, Nowa Zelandia, Fidżi i wyspy Pacyfiku",Oceania dla dzieci,"Dzieci Świata i Ich Kultury, Tom 1: Europa",B0H8L42LC5,https://www.amazon.com/dp/B0H8L42LC5,https://alexherek.com/pl/kids/dzieci-swiata-i-ich-kultury,https://alexherek.com/pl/free-samples,https://alexherek.com/pl/about,"PL Tom 5 niedostępny — w PL linkuj Tom 1 lub wersję EN (amazon.com/dp/B0H9SMSC1P) z adnotacją → w PL użyj: Dzieci Świata i Ich Kultury, Tom 1: Europa",National tourism boards; UN/CIA World Factbook-type reference data; encyclopedia,blog-oceania-for-kids.jpg,"Photorealistic editorial photograph, 2:1 wide landscape (1600x800 px), warm natural light, cheerful and inviting. A calm sandy bay at low golden sun: a child sitting on the shore drawing in a sketchbook with pencils, a few seashells beside them, turquoise water and gentle waves behind, wide composition, turquoise and sand palette. No text, no lettering, no logos, no watermarks, no readable book covers. Natural, anatomically correct hands, shallow depth of field, high detail. Keep the main subject inside a central 16:10 area so the image survives cropping.",Child sketching on a sandy shore beside seashells with turquoise water behind,PL: Tom 5 niedostępny po polsku — CTA do wersji EN z adnotacją.,OK — brak nakładania,planned,planned
40,2027-01-14,Thu,seniors,27,27-handwriting-practice-for-seniors,Handwriting Practice for Seniors: Keep Your Writing Clear and Confident,MOTOR SKILLS,handwriting practice for seniors,improve handwriting older adults; writing exercises for seniors,Informational,M,support,new,,"Left Hand Brain Training for Seniors, Book 2: Steady Progress",B0H9N1VNRQ,https://www.amazon.com/dp/B0H9N1VNRQ,"Left Hand Brain Training for Seniors, Book 4: Fine Focus",B0H9NZ8P6K,https://www.amazon.com/dp/B0H9NZ8P6K,https://alexherek.com/seniors/left-hand-brain-training,https://alexherek.com/free-samples,https://alexherek.com/about,https://www.amazon.com/stores/author/B0H99LJ1VS/allbooks,25-comfortable-pencil-grip-for-seniors; 11-non-dominant-hand-drawing; 15-fine-motor-drills-older-adults,cwiczenia-pisma-dla-seniorow,Ćwiczenia pisma dla seniorów: jak pisać czytelnie i pewnie,ćwiczenia pisma dla seniorów,"Trening Mózgu Lewą Ręką dla Seniorów, Tom 1: Pierwsze Kroki",B0H9HX8Y2S,https://www.amazon.com/dp/B0H9HX8Y2S,https://alexherek.com/pl/seniors/trening-mozgu-lewa-reka,https://alexherek.com/pl/free-samples,https://alexherek.com/pl/about,"ASIN PL Tom 2 do weryfikacji w KDP — do tego czasu linkuj Tom 1 → w PL użyj: Trening Mózgu Lewą Ręką dla Seniorów, Tom 1: Pierwsze Kroki",Occupational therapy associations (general tips); educational handwriting resources,blog-handwriting-practice-for-seniors.jpg,"Photorealistic editorial photograph, 2:1 wide landscape (1600x800 px), soft natural light, dignified, warm and never patronizing. Top-down view on a cream desk of an older woman's hand writing a letter with a pen on lined paper, an envelope and a stamp beside it, a small dried flower stem, warm side light, cream and navy palette. No text, no lettering, no logos, no watermarks, no readable book covers. Natural, anatomically correct hands, shallow depth of field, high detail. Keep the main subject inside a central 16:10 area so the image survives cropping.",Older woman's hand writing a letter on lined paper beside an envelope,PL: ASIN Tomu 2 do weryfikacji — użyj Tomu 1.,OK — brak nakładania,planned,planned
41,2027-01-19,Tue,kids,27,27-learn-countries-and-capitals-kids,Learn Countries and Capitals: 6 Easy Ways for Kids to Remember Them,GEOGRAPHY,learn countries and capitals for kids,how to remember countries and capitals; geography memory tricks kids,Informational,A,support,new_v2 (dodany 29.09),January (second semester),"Children of the World and Their Cultures, Vol. 1: Europe",B0H9HFC3RB,https://www.amazon.com/dp/B0H9HFC3RB,"Children of the World and Their Cultures, Vol. 3: Asia",B0H9PYDSK8,https://www.amazon.com/dp/B0H9PYDSK8,https://alexherek.com/kids/children-of-the-world,https://alexherek.com/free-samples,https://alexherek.com/about,https://www.amazon.com/stores/author/B0H99LJ1VS/allbooks,20-oceania-for-kids; 09-virtual-field-trip-coloring; 24-flag-memory-game-for-kids,kraje-i-stolice-dla-dzieci-jak-zapamietac,"Kraje i stolice dla dzieci: 6 prostych sposobów, by je zapamiętać",kraje i stolice dla dzieci,"Dzieci Świata i Ich Kultury, Tom 1: Europa",B0H8L42LC5,https://www.amazon.com/dp/B0H8L42LC5,https://alexherek.com/pl/kids/dzieci-swiata-i-ich-kultury,https://alexherek.com/pl/free-samples,https://alexherek.com/pl/about,,Education departments; UN member-state list (verify counts),blog-learn-countries-and-capitals-kids.jpg,"Photorealistic editorial photograph, 2:1 wide landscape (1600x800 px), warm natural light, cheerful and inviting. Close-up over a child's shoulder at a desk: a hand-drawn map with colored pins and small paper flags on toothpicks stuck into a cork board, a pencil pointing at one pin, warm lamp light, cork brown and primary-color accents. No text, no lettering, no logos, no watermarks, no readable book covers. Natural, anatomically correct hands, shallow depth of field, high detail. Keep the main subject inside a central 16:10 area so the image survives cropping.",Child pointing a pencil at a colored pin on a cork map board with small paper flags,Ryzyko: blisko #06 (mapy) i #11 (kontynenty) — intent: techniki zapamiętywania.,Blisko #06 (mapy) i #11 — intent: techniki zapamiętywania; OK.,planned,planned
42,2027-01-21,Thu,seniors,32,32-encourage-elderly-parent-try-new-activities,How to Encourage an Elderly Parent to Try New Activities (Without Nagging),FAMILY,encourage elderly parent to try new activities,get seniors interested in hobbies; motivating older parents to stay active,Informational,R,support,new_v2 (dodany 29.09),January (fresh starts),"Left Hand Brain Training for Seniors, Book 1: First Strokes",B0H9HX8Y2S,https://www.amazon.com/dp/B0H9HX8Y2S,"Sharp Mind, Vol. 1: With a Touch of Nostalgia",B0H8LXZFFB,https://www.amazon.com/dp/B0H8LXZFFB,https://alexherek.com/seniors/left-hand-brain-training,https://alexherek.com/free-samples,https://alexherek.com/about,https://www.amazon.com/stores/author/B0H99LJ1VS/allbooks,23-daily-brain-exercise-routine-for-seniors; 22-gifts-for-elderly-parents-who-have-everything; 21-reminiscence-activities-for-seniors,jak-zachecic-rodzica-seniora-do-nowych-zajec,Jak zachęcić rodzica seniora do nowych zajęć — bez namawiania,jak zachęcić seniora do aktywności,"Trening Mózgu Lewą Ręką dla Seniorów, Tom 1: Pierwsze Kroki",B0H9HX8Y2S,https://www.amazon.com/dp/B0H9HX8Y2S,https://alexherek.com/pl/seniors/trening-mozgu-lewa-reka,https://alexherek.com/pl/free-samples,https://alexherek.com/pl/about,,National Institute on Aging; caregiver-support organizations,blog-encourage-elderly-parent-new-activities.jpg,"Photorealistic editorial photograph, 2:1 wide landscape (1600x800 px), soft natural light, dignified, warm and never patronizing. A adult son sitting beside his elderly father at a dining table, gently sliding a small notebook and a pencil toward him, the father looking curious with a slight smile, side view, window light, muted navy and warm wood palette. No text, no lettering, no logos, no watermarks, no readable book covers. Natural, anatomically correct hands, shallow depth of field, high detail. Keep the main subject inside a central 16:10 area so the image survives cropping.",Adult son sliding a notebook and pencil toward his curious elderly father at a dining table,Ryzyko: 'elderly parent' wspólne z #31 — inny intent (motywacja vs plan wizyty); linkuj do #31.,'elderly parent activities' blisko #31 — intent: motywowanie vs plan wizyty; linkuj do #31.,planned,planned
43,2027-01-26,Tue,kids,16,16-lunar-new-year-activities-for-kids,"Lunar New Year for Kids: Traditions, Colors and Simple Activities",CULTURE,lunar new year activities for kids,lunar new year traditions for kids; chinese new year for children,Informational,B,seasonal,new,Lunar New Year 6 Feb 2027 (zweryfikować datę przy pisaniu),"Children of the World and Their Cultures, Vol. 3: Asia",B0H9PYDSK8,https://www.amazon.com/dp/B0H9PYDSK8,"Children of the World and Their Cultures, Vol. 1: Europe",B0H9HFC3RB,https://www.amazon.com/dp/B0H9HFC3RB,https://alexherek.com/kids/children-of-the-world,https://alexherek.com/free-samples,https://alexherek.com/about,https://www.amazon.com/stores/author/B0H99LJ1VS/allbooks,14-christmas-around-the-world-for-kids; 10-building-global-mindset-parenting; 25-cultural-heritage-day-activities-for-kids,chinski-nowy-rok-dla-dzieci,"Chiński Nowy Rok dla dzieci: tradycje, kolory i proste zabawy",chiński nowy rok dla dzieci,"Dzieci Świata i Ich Kultury, Tom 3: Azja",B0HCBC2HKZ,https://www.amazon.com/dp/B0HCBC2HKZ,https://alexherek.com/pl/kids/dzieci-swiata-i-ich-kultury,https://alexherek.com/pl/free-samples,https://alexherek.com/pl/about,,"National tourism boards (China, Vietnam, Korea); Asia Society or similar educational sites",blog-lunar-new-year-activities-for-kids.jpg,"Photorealistic editorial photograph, 2:1 wide landscape (1600x800 px), warm natural light, cheerful and inviting. Red paper lanterns and small red envelopes on a table, a child's hands coloring a dragon-shaped page (no readable characters or lettering), warm evening light, red and gold palette. No text, no lettering, no logos, no watermarks, no readable book covers. Natural, anatomically correct hands, shallow depth of field, high detail. Keep the main subject inside a central 16:10 area so the image survives cropping.",Child's hands coloring a paper dragon beside red lanterns and red envelopes,"Podkreślić, że święto obchodzi się w wielu krajach (Chiny, Wietnam, Korea…), nie jedna kultura.",OK — brak nakładania,planned,planned
44,2027-01-28,Thu,seniors,33,33-true-or-false-trivia-for-seniors,True or False Trivia for Seniors: Fun Question Ideas for Every Level,PUZZLES,true or false trivia for seniors,easy trivia questions for seniors; fun quiz games for older adults,Informational / commercial,P,support,new_v2 (dodany 29.09),,"Sharp Mind, Vol. 1: With a Touch of Nostalgia",B0H8LXZFFB,https://www.amazon.com/dp/B0H8LXZFFB,"Sharp Mind, Vol. 3: Memory and Focus Exercises",B0H8HZY89T,https://www.amazon.com/dp/B0H8HZY89T,https://alexherek.com/seniors/sprawny-umysl,https://alexherek.com/free-samples,https://alexherek.com/about,https://www.amazon.com/stores/author/B0H99LJ1VS/allbooks,14-nostalgic-word-searches; 17-proverbs-memory-recall; 24-maze-puzzles-for-seniors,prawda-czy-falsz-quiz-dla-seniorow,Prawda czy fałsz? Quiz dla seniorów: pytania na każdy poziom,quiz dla seniorów prawda czy fałsz,Sprawny Umysł: Ćwiczenia Pamięci i Koncentracji dla Seniorów,B0H8DGVD9M,https://www.amazon.com/dp/B0H8DGVD9M,https://alexherek.com/pl/seniors/sprawny-umysl,https://alexherek.com/pl/free-samples,https://alexherek.com/pl/about,PL to osobna książka (nie tłumaczenie Sharp Mind Vol. 1) — CTA pisz jako 'polska książka Sprawny Umysł',Library/senior-center trivia programs; reference works (each fact verified at writing time),blog-true-or-false-trivia-for-seniors.jpg,"Photorealistic editorial photograph, 2:1 wide landscape (1600x800 px), soft natural light, dignified, warm and never patronizing. A small group of three older adults seated in a circle in a bright community-center room, one holding up a blank green and a blank red paper paddle while the others laugh, wide composition, sunny daylight, friendly green and warm-grey palette. No text, no lettering, no logos, no watermarks, no readable book covers. Natural, anatomically correct hands, shallow depth of field, high detail. Keep the main subject inside a central 16:10 area so the image survives cropping.",Three older adults laughing in a circle while one holds up green and red paper paddles for a true-or-false game,Fakty w przykładowych pytaniach muszą być zweryfikowane (nie zmyślać).,OK — brak nakładania,planned,planned
45,2027-02-04,Thu,seniors,34,34-hobbies-to-keep-retirees-mentally-active,Hobbies to Keep Retirees Mentally Active: 12 Ideas Beyond Crosswords,LIFESTYLE,hobbies to keep retirees mentally active,new hobbies after retirement; creative hobbies for seniors,Informational,R,support,new_v2 (dodany 29.09),February,"Left Hand Brain Training for Seniors, Book 1: First Strokes",B0H9HX8Y2S,https://www.amazon.com/dp/B0H9HX8Y2S,"Sharp Mind, Vol. 3: Memory and Focus Exercises",B0H8HZY89T,https://www.amazon.com/dp/B0H8HZY89T,https://alexherek.com/seniors/left-hand-brain-training,https://alexherek.com/free-samples,https://alexherek.com/about,https://www.amazon.com/stores/author/B0H99LJ1VS/allbooks,32-encourage-elderly-parent-try-new-activities; 23-daily-brain-exercise-routine-for-seniors; 22-gifts-for-elderly-parents-who-have-everything,hobby-dla-emerytow-aktywny-umysl,Hobby dla emerytów na aktywny umysł: 12 pomysłów poza krzyżówkami,hobby dla emerytów,"Trening Mózgu Lewą Ręką dla Seniorów, Tom 1: Pierwsze Kroki",B0H9HX8Y2S,https://www.amazon.com/dp/B0H9HX8Y2S,https://alexherek.com/pl/seniors/trening-mozgu-lewa-reka,https://alexherek.com/pl/free-samples,https://alexherek.com/pl/about,,National Institute on Aging; AARP-type retirement resources,blog-hobbies-for-retirees-mentally-active.jpg,"Photorealistic editorial photograph, 2:1 wide landscape (1600x800 px), soft natural light, dignified, warm and never patronizing. A bright hobby corner in a home: an older man with a small easel painting, beside a shelf with a half-assembled model, a knitting basket and a stack of notebooks, cheerful natural light, wide composition, teal and cream palette. No text, no lettering, no logos, no watermarks, no readable book covers. Natural, anatomically correct hands, shallow depth of field, high detail. Keep the main subject inside a central 16:10 area so the image survives cropping.",Older man painting at a small easel in a home hobby corner with a knitting basket and model kit nearby,"Ryzyko: blisko #26/#23 — intent: lista hobby, nie nawyki mózgowe.",Blisko #26/#23 — intent: lista hobby; OK.,planned,planned
46,2027-02-11,Thu,seniors,35,35-drawing-for-beginners-over-60,"Drawing for Beginners Over 60: First Lines, Simple Shapes and Easy Wins",CREATIVITY,drawing for beginners over 60,easy drawing exercises for seniors; learn to draw as an older adult,Informational,M,support,new_v2 (dodany 29.09),February,"Left Hand Brain Training for Seniors, Book 1: First Strokes",B0H9HX8Y2S,https://www.amazon.com/dp/B0H9HX8Y2S,"Left Hand Brain Training for Seniors, Book 2: Steady Progress",B0H9N1VNRQ,https://www.amazon.com/dp/B0H9N1VNRQ,https://alexherek.com/seniors/left-hand-brain-training,https://alexherek.com/free-samples,https://alexherek.com/about,https://www.amazon.com/stores/author/B0H99LJ1VS/allbooks,27-handwriting-practice-for-seniors; 25-comfortable-pencil-grip-for-seniors; 11-non-dominant-hand-drawing,rysowanie-dla-poczatkujacych-po-60,Rysowanie dla początkujących po 60. roku życia: pierwsze linie i proste kształty,rysowanie dla początkujących seniorów,"Trening Mózgu Lewą Ręką dla Seniorów, Tom 1: Pierwsze Kroki",B0H9HX8Y2S,https://www.amazon.com/dp/B0H9HX8Y2S,https://alexherek.com/pl/seniors/trening-mozgu-lewa-reka,https://alexherek.com/pl/free-samples,https://alexherek.com/pl/about,,Art-education organizations; NIA (creative engagement),blog-drawing-for-beginners-over-60.jpg,"Photorealistic editorial photograph, 2:1 wide landscape (1600x800 px), soft natural light, dignified, warm and never patronizing. Over-the-shoulder view of an older woman at a sunlit table drawing a simple house and tree with a soft pencil on a large sheet, an eraser and a sharpener at hand, a cup of tea on the side, warm morning light, cream and sage palette. No text, no lettering, no logos, no watermarks, no readable book covers. Natural, anatomically correct hands, shallow depth of field, high detail. Keep the main subject inside a central 16:10 area so the image survives cropping.",Older woman drawing a simple house and tree with a pencil at a sunlit table,Ryzyko: blisko #11 (rysowanie niedominującą ręką) — intent: nauka rysowania od zera; linkuj do #11 i #25.,Blisko #11 (rysowanie niedominującą ręką) — intent: nauka od zera; linkuj do #11.,planned,planned
47,2027-02-18,Thu,seniors,29,29-logic-puzzles-for-seniors,"Logic Puzzles for Seniors: 5 Types to Try, From Easy to Challenging",PUZZLES,logic puzzles for seniors,brain teasers for older adults; easy logic games for seniors,Informational / commercial,P,support,new,,"Sharp Mind, Vol. 3: Memory and Focus Exercises",B0H8HZY89T,https://www.amazon.com/dp/B0H8HZY89T,"Sharp Mind, Vol. 1: With a Touch of Nostalgia",B0H8LXZFFB,https://www.amazon.com/dp/B0H8LXZFFB,https://alexherek.com/seniors/sprawny-umysl,https://alexherek.com/free-samples,https://alexherek.com/about,https://www.amazon.com/stores/author/B0H99LJ1VS/allbooks,33-true-or-false-trivia-for-seniors; 14-nostalgic-word-searches; 17-proverbs-memory-recall,zagadki-logiczne-dla-seniorow,Zagadki logiczne dla seniorów: 5 rodzajów od łatwych do wymagających,zagadki logiczne dla seniorów,Sprawny Umysł: Ćwiczenia Pamięci i Koncentracji dla Seniorów,B0H8DGVD9M,https://www.amazon.com/dp/B0H8DGVD9M,https://alexherek.com/pl/seniors/sprawny-umysl,https://alexherek.com/pl/free-samples,https://alexherek.com/pl/about,j.w.,Puzzle-publishing/education sources; NIA (general engagement),blog-logic-puzzles-for-seniors.jpg,"Photorealistic editorial photograph, 2:1 wide landscape (1600x800 px), soft natural light, dignified, warm and never patronizing. A friendly café table where an older woman and a friend solve a grid logic puzzle together with pencils and a shared eraser, both smiling, window light, cozy warm-grey and mustard palette. No text, no lettering, no logos, no watermarks, no readable book covers. Natural, anatomically correct hands, shallow depth of field, high detail. Keep the main subject inside a central 16:10 area so the image survives cropping.",Two older women solving a grid logic puzzle together at a café table,,Wspólne 'puzzles' z #24/#16 — różne typy; OK.,planned,planned
48,2027-02-23,Tue,kids,17,17-teach-kids-about-africa,"How to Teach Kids About Africa: Beyond Stereotypes, With Real Countries",GEOGRAPHY,teach kids about africa,africa for kids; african countries for kids; africa is a continent not a country,Informational,A,support,new,"February (Black History Month, US)","Children of the World and Their Cultures, Vol. 2: Africa",B0H9QJ1844,https://www.amazon.com/dp/B0H9QJ1844,"Children of the World and Their Cultures, Vol. 1: Europe",B0H9HFC3RB,https://www.amazon.com/dp/B0H9HFC3RB,https://alexherek.com/kids/children-of-the-world,https://alexherek.com/free-samples,https://alexherek.com/about,https://www.amazon.com/stores/author/B0H99LJ1VS/allbooks,27-learn-countries-and-capitals-kids; 20-oceania-for-kids; 09-virtual-field-trip-coloring,jak-uczyc-dzieci-o-afryce,Jak opowiadać dzieciom o Afryce? Konkretne kraje zamiast stereotypów,Afryka dla dzieci,"Dzieci Świata i Ich Kultury, Tom 2: Afryka",B0H8P2LY62,https://www.amazon.com/dp/B0H8P2LY62,https://alexherek.com/pl/kids/dzieci-swiata-i-ich-kultury,https://alexherek.com/pl/free-samples,https://alexherek.com/pl/about,,African Union; UNESCO; national tourism boards; reputable encyclopedia (country counts checked at writing time),blog-teach-kids-about-africa.jpg,"Photorealistic editorial photograph, 2:1 wide landscape (1600x800 px), warm natural light, cheerful and inviting. Sunlit table with a softly colored printed map of the African continent, a child tracing a route across it with one finger, wooden animal figurines and a small potted plant at the edge, warm afternoon light, terracotta and green palette. No text, no lettering, no logos, no watermarks, no readable book covers. Natural, anatomically correct hands, shallow depth of field, high detail. Keep the main subject inside a central 16:10 area so the image survives cropping.",Child tracing a route with one finger on a printed map of Africa beside wooden animal figurines,"Wrażliwe: unikać uogólnień, pokazać różnorodność krajów; liczbę krajów zweryfikować u źródła (AU/UN).",OK — brak nakładania,planned,planned
49,2027-03-09,Tue,kids,18,18-spring-festivals-around-the-world-for-kids,"Spring Festivals Around the World for Kids: Holi, Nowruz, Easter and More",CULTURE,spring festivals around the world for kids,spring holidays around the world; holi and nowruz for kids,Informational,B,seasonal,new,"Nowruz 20 Mar, Holi 22 Mar, Easter 28 Mar 2027 (zweryfikować)","Children of the World and Their Cultures, Vol. 3: Asia",B0H9PYDSK8,https://www.amazon.com/dp/B0H9PYDSK8,"Children of the World and Their Cultures, Vol. 1: Europe",B0H9HFC3RB,https://www.amazon.com/dp/B0H9HFC3RB,https://alexherek.com/kids/children-of-the-world,https://alexherek.com/free-samples,https://alexherek.com/about,https://www.amazon.com/stores/author/B0H99LJ1VS/allbooks,16-lunar-new-year-activities-for-kids; 14-christmas-around-the-world-for-kids; 10-building-global-mindset-parenting,wiosenne-swieta-na-swiecie-dla-dzieci,"Wiosenne święta na świecie dla dzieci: Holi, Nowruz, Wielkanoc i inne",wiosenne święta na świecie dla dzieci,"Dzieci Świata i Ich Kultury, Tom 3: Azja",B0HCBC2HKZ,https://www.amazon.com/dp/B0HCBC2HKZ,https://alexherek.com/pl/kids/dzieci-swiata-i-ich-kultury,https://alexherek.com/pl/free-samples,https://alexherek.com/pl/about,,National tourism boards; UNESCO intangible heritage; encyclopedia of holidays,blog-spring-festivals-around-the-world-for-kids.jpg,"Photorealistic editorial photograph, 2:1 wide landscape (1600x800 px), warm natural light, cheerful and inviting. Outdoor garden picnic blanket with fresh flower petals, hand-painted eggs and small bundles of green sprouts, a child's coloring page and colored pencils in the middle, soft dappled light, fresh green and pink palette. No text, no lettering, no logos, no watermarks, no readable book covers. Natural, anatomically correct hands, shallow depth of field, high detail. Keep the main subject inside a central 16:10 area so the image survives cropping.","Picnic blanket with flower petals, painted eggs, green sprouts and a child's coloring page","Neutralny, edukacyjny ton wobec świąt religijnych.",j.w.,planned,planned
50,2027-03-18,Thu,seniors,26,26-everyday-habits-mental-fitness-seniors,Healthy Brain Habits for Older Adults: What Health Agencies Recommend,WELLNESS,healthy brain habits for older adults,everyday habits for mental fitness after 60; brain health tips for seniors,Informational,R,seasonal,new,Brain Awareness Week (mid-March 2027),"Sharp Mind, Vol. 3: Memory and Focus Exercises",B0H8HZY89T,https://www.amazon.com/dp/B0H8HZY89T,"Left Hand Brain Training for Seniors, Book 1: First Strokes",B0H9HX8Y2S,https://www.amazon.com/dp/B0H9HX8Y2S,https://alexherek.com/seniors/sprawny-umysl,https://alexherek.com/free-samples,https://alexherek.com/about,https://www.amazon.com/stores/author/B0H99LJ1VS/allbooks,34-hobbies-to-keep-retirees-mentally-active; 32-encourage-elderly-parent-try-new-activities; 23-daily-brain-exercise-routine-for-seniors,zdrowe-nawyki-dla-mozgu-senior,Zdrowe nawyki dla mózgu po 60. roku życia: co zalecają instytucje zdrowia,nawyki dla zdrowego mózgu senior,Sprawny Umysł: Ćwiczenia Pamięci i Koncentracji dla Seniorów,B0H8DGVD9M,https://www.amazon.com/dp/B0H8DGVD9M,https://alexherek.com/pl/seniors/sprawny-umysl,https://alexherek.com/pl/free-samples,https://alexherek.com/pl/about,j.w.,"National Institute on Aging; WHO; CDC; Alzheimer's Association (cytować tylko realne, zweryfikowane dokumenty)",blog-healthy-brain-habits-for-older-adults.jpg,"Photorealistic editorial photograph, 2:1 wide landscape (1600x800 px), soft natural light, dignified, warm and never patronizing. An older couple walking along a tree-lined park path in early spring light, seen from behind, fresh green buds on the trees, wide composition, soft green and gold palette. No text, no lettering, no logos, no watermarks, no readable book covers. Natural, anatomically correct hands, shallow depth of field, high detail. Keep the main subject inside a central 16:10 area so the image survives cropping.",Older couple walking on a tree-lined park path in early spring,NAJWYŻSZE RYZYKO claimów: tylko streszczenie zaleceń instytucji z realnymi cytatami; ton nie-medyczny; przegląd frazy z #13 i #23.,Blisko #13/#23 (brain) — NAJWYŻSZE RYZYKO tematyczne (styl życia wg instytucji); pilnować różnic.,planned,planned
51,2027-04-15,Thu,seniors,28,28-nature-journaling-for-older-adults,Nature Journaling for Older Adults: A Gentle Way to Draw and Notice Spring,CREATIVITY,nature journaling for older adults,sketching outdoors for seniors; drawing flowers for beginners over 60,Informational,M,seasonal,new,Spring,"Left Hand Brain Training for Seniors, Book 4: Fine Focus",B0H9NZ8P6K,https://www.amazon.com/dp/B0H9NZ8P6K,"Left Hand Brain Training for Seniors, Book 1: First Strokes",B0H9HX8Y2S,https://www.amazon.com/dp/B0H9HX8Y2S,https://alexherek.com/seniors/left-hand-brain-training,https://alexherek.com/free-samples,https://alexherek.com/about,https://www.amazon.com/stores/author/B0H99LJ1VS/allbooks,35-drawing-for-beginners-over-60; 27-handwriting-practice-for-seniors; 25-comfortable-pencil-grip-for-seniors,dziennik-przyrody-dla-seniorow,Dziennik przyrody dla seniorów: łagodny sposób na rysowanie wiosny,rysowanie przyrody dla seniorów,"Trening Mózgu Lewą Ręką dla Seniorów, Tom 1: Pierwsze Kroki",B0H9HX8Y2S,https://www.amazon.com/dp/B0H9HX8Y2S,https://alexherek.com/pl/seniors/trening-mozgu-lewa-reka,https://alexherek.com/pl/free-samples,https://alexherek.com/pl/about,"ASIN PL Tom 4 do weryfikacji w KDP — do tego czasu linkuj Tom 1 → w PL użyj: Trening Mózgu Lewą Ręką dla Seniorów, Tom 1: Pierwsze Kroki",Botanic garden / nature-society journaling guides; NIA (social & creative engagement),blog-nature-journaling-for-older-adults.jpg,"Photorealistic editorial photograph, 2:1 wide landscape (1600x800 px), soft natural light, dignified, warm and never patronizing. An older man sitting on a garden bench with a small sketchbook and pencil, sketching a blossoming branch, dappled spring light through leaves, wide composition, soft pink blossom and green palette. No text, no lettering, no logos, no watermarks, no readable book covers. Natural, anatomically correct hands, shallow depth of field, high detail. Keep the main subject inside a central 16:10 area so the image survives cropping.",Older man on a garden bench sketching a blossoming branch in a small sketchbook,PL: ASIN Tomu 4 do weryfikacji — użyj Tomu 1.,OK — brak nakładania,planned,planned
52,2027-04-20,Tue,kids,21,21-animals-around-the-world-for-kids,Animals From Every Continent for Kids: Earth Day Coloring and Learning Ideas,NATURE,animals from different continents for kids,animals around the world for kids; earth day activities for kids,Informational,A,seasonal,new,Earth Day 22 Apr,"Children of the World and Their Cultures, Vol. 2: Africa",B0H9QJ1844,https://www.amazon.com/dp/B0H9QJ1844,"Children of the World and Their Cultures, Vol. 5: Oceania & Arctic",B0H9SMSC1P,https://www.amazon.com/dp/B0H9SMSC1P,https://alexherek.com/kids/children-of-the-world,https://alexherek.com/free-samples,https://alexherek.com/about,https://www.amazon.com/stores/author/B0H99LJ1VS/allbooks,17-teach-kids-about-africa; 27-learn-countries-and-capitals-kids; 20-oceania-for-kids,zwierzeta-z-roznych-kontynentow-dla-dzieci,Zwierzęta z różnych kontynentów dla dzieci: pomysły na Dzień Ziemi,zwierzęta z różnych kontynentów dla dzieci,"Dzieci Świata i Ich Kultury, Tom 2: Afryka",B0H8P2LY62,https://www.amazon.com/dp/B0H8P2LY62,https://alexherek.com/pl/kids/dzieci-swiata-i-ich-kultury,https://alexherek.com/pl/free-samples,https://alexherek.com/pl/about,,WWF; IUCN; national geographic society,blog-animals-from-different-continents-for-kids.jpg,"Photorealistic editorial photograph, 2:1 wide landscape (1600x800 px), warm natural light, cheerful and inviting. Close-up of a child's colored pencils and a partly colored animal page beside a small group of animal figurines from different continents on a moss-covered garden bench outdoors, dappled sunlight through leaves, green and warm brown palette. No text, no lettering, no logos, no watermarks, no readable book covers. Natural, anatomically correct hands, shallow depth of field, high detail. Keep the main subject inside a central 16:10 area so the image survives cropping.",Colored pencils and a partly colored animal page beside animal figurines on a mossy garden bench,,'continents' także w #11 — intent: zwierzęta/Dzień Ziemi; OK.,planned,planned
53,2027-05-04,Tue,kids,22,22-quiet-travel-activities-for-kids,"Quiet Travel Activities for Kids: Car, Train and Plane Ideas That Work",ACTIVITIES,quiet travel activities for kids,road trip activities for kids; coloring for car rides,Informational,C,seasonal,new,Late spring / summer travel season,"Children of the World and Their Cultures, Vol. 4: The Americas",B0HBB9JN71,https://www.amazon.com/dp/B0HBB9JN71,"Children of the World and Their Cultures, Vol. 1: Europe",B0H9HFC3RB,https://www.amazon.com/dp/B0H9HFC3RB,https://alexherek.com/kids/children-of-the-world,https://alexherek.com/free-samples,https://alexherek.com/about,https://www.amazon.com/stores/author/B0H99LJ1VS/allbooks,15-winter-break-activities-for-kids; 26-independent-play-activities-for-kids; 13-geography-gifts-for-kids,zabawy-dla-dzieci-w-podrozy,"Zabawy dla dzieci w podróży: pomysły do samochodu, pociągu i samolotu",zabawy dla dzieci w podróży,"Dzieci Świata i Ich Kultury, Tom 4: Ameryka",B0HCJYGHKQ,https://www.amazon.com/dp/B0HCJYGHKQ,https://alexherek.com/pl/kids/dzieci-swiata-i-ich-kultury,https://alexherek.com/pl/free-samples,https://alexherek.com/pl/about,,Pediatric and family-travel organizations; transport safety agencies (seat-belt notes),blog-quiet-travel-activities-for-kids.jpg,"Photorealistic editorial photograph, 2:1 wide landscape (1600x800 px), warm natural light, cheerful and inviting. Back seat of a car in golden-hour light: a child's lap tray with a coloring page and a pencil case, the window showing blurred countryside and a road, seat belt visible, warm amber palette. No text, no lettering, no logos, no watermarks, no readable book covers. Natural, anatomically correct hands, shallow depth of field, high detail. Keep the main subject inside a central 16:10 area so the image survives cropping.",Child's lap tray with a coloring page and pencil case in the back seat of a car at golden hour,Uwaga bezpieczeństwa: nie sugerować luźnych ostrych przedmiotów w samochodzie.,OK — brak nakładania,planned,planned
54,2027-05-06,Thu,seniors,31,31-activities-to-do-with-elderly-parent,Activities to Do With an Elderly Parent During Your Visit (Older Americans Month Ideas),FAMILY,activities to do with elderly parent,things to do with elderly mother at home; visiting aging parents activities,Informational,R,seasonal,new,Older Americans Month (May); Mother's Day 9 May 2027 (PL: Dzień Matki 26 May),"Sharp Mind, Vol. 1: With a Touch of Nostalgia",B0H8LXZFFB,https://www.amazon.com/dp/B0H8LXZFFB,"Left Hand Brain Training for Seniors, Book 1: First Strokes",B0H9HX8Y2S,https://www.amazon.com/dp/B0H9HX8Y2S,https://alexherek.com/seniors/sprawny-umysl,https://alexherek.com/free-samples,https://alexherek.com/about,https://www.amazon.com/stores/author/B0H99LJ1VS/allbooks,32-encourage-elderly-parent-try-new-activities; 26-everyday-habits-mental-fitness-seniors; 34-hobbies-to-keep-retirees-mentally-active,co-robic-z-rodzicem-seniorem-podczas-odwiedzin,Co robić z rodzicem seniorem podczas odwiedzin? 10 pomysłów,co robić z rodzicem seniorem podczas odwiedzin,Sprawny Umysł: Ćwiczenia Pamięci i Koncentracji dla Seniorów,B0H8DGVD9M,https://www.amazon.com/dp/B0H8DGVD9M,https://alexherek.com/pl/seniors/sprawny-umysl,https://alexherek.com/pl/free-samples,https://alexherek.com/pl/about,PL to osobna książka (nie tłumaczenie Sharp Mind Vol. 1) — CTA pisz jako 'polska książka Sprawny Umysł',Administration for Community Living / Older Americans Month; NIA (social engagement),blog-activities-to-do-with-elderly-parent.jpg,"Photorealistic editorial photograph, 2:1 wide landscape (1600x800 px), soft natural light, dignified, warm and never patronizing. A bright sunroom: an adult daughter and her elderly mother share a jigsaw puzzle on a table between potted plants, wide composition, afternoon light, leafy green and cream palette. No text, no lettering, no logos, no watermarks, no readable book covers. Natural, anatomically correct hands, shallow depth of field, high detail. Keep the main subject inside a central 16:10 area so the image survives cropping.",Adult daughter and elderly mother working on a jigsaw puzzle together in a sunroom,Ryzyko z #21 i #12 (kids): inny intent — plan wizyty. Dzień Matki PL = 26 maja (zweryfikować).,Blisko #32 — intent: plan wizyty; linkuj do #32.,planned,planned
55,2027-05-13,Thu,seniors,30,30-mandala-drawing-for-seniors,"Mandala Drawing for Seniors: A Calm, Creative Practice With Step-by-Step Tips",CREATIVITY,mandala drawing for seniors,mandala coloring for older adults; simple mandala patterns for beginners,Informational,M,seasonal,new,Mental Health Awareness Month (May),"Left Hand Brain Training for Seniors, Book 4: Fine Focus",B0H9NZ8P6K,https://www.amazon.com/dp/B0H9NZ8P6K,"Left Hand Brain Training for Seniors, Book 1: First Strokes",B0H9HX8Y2S,https://www.amazon.com/dp/B0H9HX8Y2S,https://alexherek.com/seniors/left-hand-brain-training,https://alexherek.com/free-samples,https://alexherek.com/about,https://www.amazon.com/stores/author/B0H99LJ1VS/allbooks,28-nature-journaling-for-older-adults; 35-drawing-for-beginners-over-60; 27-handwriting-practice-for-seniors,mandale-dla-seniorow,"Mandale dla seniorów: spokojna, twórcza praktyka krok po kroku",mandale dla seniorów rysowanie,"Trening Mózgu Lewą Ręką dla Seniorów, Tom 1: Pierwsze Kroki",B0H9HX8Y2S,https://www.amazon.com/dp/B0H9HX8Y2S,https://alexherek.com/pl/seniors/trening-mozgu-lewa-reka,https://alexherek.com/pl/free-samples,https://alexherek.com/pl/about,"ASIN PL Tom 4 do weryfikacji w KDP — do tego czasu linkuj Tom 1 → w PL użyj: Trening Mózgu Lewą Ręką dla Seniorów, Tom 1: Pierwsze Kroki",Art-therapy associations (careful: recreational framing only); NIA,blog-mandala-drawing-for-seniors.jpg,"Photorealistic editorial photograph, 2:1 wide landscape (1600x800 px), soft natural light, dignified, warm and never patronizing. Close-up of an older woman's hands drawing a symmetrical circular pattern with colored pencils, a ring of pencils fanned out around the page, warm side light, soft plum and gold palette. No text, no lettering, no logos, no watermarks, no readable book covers. Natural, anatomically correct hands, shallow depth of field, high detail. Keep the main subject inside a central 16:10 area so the image survives cropping.",Older woman's hands drawing a circular mandala pattern with colored pencils,"Bez twierdzeń terapeutycznych ('redukcja stresu' tylko jako subiektywne odczucie, ze źródłem). PL: ASIN Tomu 4 do weryfikacji.",OK — brak nakładania,planned,planned
56,2027-05-18,Tue,kids,23,23-homeschool-geography-for-kids,Homeschool Geography for Elementary Kids: A Simple Weekly Plan With Coloring,HOMESCHOOL,homeschool geography for kids,geography curriculum ideas grades 1-3; teach geography at home,Informational / commercial,A,hub,new,Late spring planning for next school year,"Children of the World and Their Cultures, Vol. 1: Europe",B0H9HFC3RB,https://www.amazon.com/dp/B0H9HFC3RB,"Children of the World and Their Cultures, Vol. 4: The Americas",B0HBB9JN71,https://www.amazon.com/dp/B0HBB9JN71,https://alexherek.com/kids/children-of-the-world,https://alexherek.com/free-samples,https://alexherek.com/about,https://www.amazon.com/stores/author/B0H99LJ1VS/allbooks,21-animals-around-the-world-for-kids; 17-teach-kids-about-africa; 27-learn-countries-and-capitals-kids,geografia-w-domu-dla-dzieci-plan,Geografia w domu dla dzieci: prosty plan tygodniowy z kolorowanką,nauka geografii w domu dla dzieci,"Dzieci Świata i Ich Kultury, Tom 1: Europa",B0H8L42LC5,https://www.amazon.com/dp/B0H8L42LC5,https://alexherek.com/pl/kids/dzieci-swiata-i-ich-kultury,https://alexherek.com/pl/free-samples,https://alexherek.com/pl/about,,Education departments; homeschool associations; reading/geography education organizations,blog-homeschool-geography-for-kids.jpg,"Photorealistic editorial photograph, 2:1 wide landscape (1600x800 px), warm natural light, cheerful and inviting. A tidy homeschool corner: a wall map, a basket of picture books, a child at a small desk coloring, a parent's hand pointing to a place on the map, morning window light, sage green and cream palette. No text, no lettering, no logos, no watermarks, no readable book covers. Natural, anatomically correct hands, shallow depth of field, high detail. Keep the main subject inside a central 16:10 area so the image survives cropping.",Child coloring at a small desk in a homeschool corner while a parent points at a wall map,Hub klastra Geography: linkuje do wszystkich A-artykułów; kanibalizacja z #02 (geography coloring pages) — inny intent (plan tygodniowy).,Wspólne 'geography' z #02/#13 — intent: plan nauki w domu; OK.,planned,planned
